{"type":"FeatureCollection","features":[{"type":"Feature","properties":{"source":"hvaler_tillegg"},"geometry":{"type":"LineString","coordinates":[[10.937468431177614,59.09721142232754],[10.93741035470348,59.09740812714315],[10.937268619360948,59.09761767368792],[10.937191072110567,59.09774120890997],[10.93705600417902,59.09796526034754],[10.936983496864771,59.09806099086253],[10.9368895300903,59.098236070146164]]}},{"type":"Feature","properties":{"source":"hvaler_tillegg"},"geometry":{"type":"LineString","coordinates":[[10.918767785970243,59.09350679937692],[10.918778053893153,59.09354093013042],[10.918815476347163,59.09360531783402],[10.918897981232158,59.09370349431732],[10.91896586656725,59.09379824310253],[10.919016599100646,59.09389469937663],[10.919057266697125,59.09399497459334],[10.919083463716458,59.09409937955882],[10.919113085395969,59.09417646891387],[10.919146515749647,59.09424504657372],[10.919189898304237,59.094334258030834],[10.919246192605142,59.094435385012765],[10.919310701386603,59.09452768947441],[10.919375622847898,59.094628278890085],[10.919438664970663,59.09472116646987],[10.919507068926105,59.09481745974771],[10.919587983212377,59.094912888198145],[10.919654678253679,59.09498682913989],[10.919734157034862,59.09505613750829],[10.919829016625624,59.095115140635286],[10.919922980787439,59.09516404523524],[10.920025760418882,59.095218172576324],[10.92010090474959,59.095263697091035],[10.920179893905901,59.09531509705692],[10.920240876213557,59.095357747883185],[10.920254719444909,59.0953721202928],[10.92032783121026,59.09546999990768],[10.920346906092043,59.09551384865865],[10.920347667094738,59.09552655034597],[10.920344839125676,59.095531226686035]]}},{"type":"Feature","properties":{"source":"hvaler_tillegg"},"geometry":{"type":"LineString","coordinates":[[10.919763888606248,59.08009725387921],[10.91982685349767,59.08012594152184],[10.919902621480665,59.08015566182317],[10.919991327659288,59.08018821727698],[10.920098299211826,59.08022287652354],[10.920147147314792,59.08024689342634],[10.920168922411683,59.08026502243456],[10.920186971899332,59.08028069635043],[10.92021031658594,59.08029590765863],[10.920227008939591,59.08030389621174],[10.920243530631106,59.08030891225632],[10.920269964257713,59.080311363279655],[10.920330956681234,59.080308159312814],[10.920372800044175,59.08031028645316],[10.920446987122313,59.08032098497228],[10.920554392446386,59.08035053244255],[10.920608372525923,59.08036958574915],[10.92063368127537,59.08038297065941],[10.920652803446655,59.080396969940445],[10.920687460076076,59.08045956193194],[10.920706562910095,59.080585412403394],[10.92071597909257,59.08064433224776],[10.92072320645807,59.08068933655082],[10.920745544919534,59.08072771362277],[10.920763911375472,59.080748072907035],[10.920784077941367,59.08076210505429],[10.920824932088333,59.08077696853234],[10.921095372416168,59.08082216963531],[10.921380500871154,59.0808863547395],[10.921455647057215,59.08091839222694],[10.921509423027207,59.080942114176885],[10.921557381725819,59.08096628232641],[10.92162633509223,59.081004868188494],[10.921716891000495,59.08106157729747],[10.921765180972496,59.081091779962705],[10.921862123081995,59.08114913959549],[10.921940116088521,59.081251308605886],[10.921992687839518,59.081326332721744],[10.92203702149785,59.08138248547121],[10.922133082494588,59.08145609137746],[10.922227841014012,59.08150537970558],[10.92221865109106,59.0815180378579]]}},{"type":"Feature","properties":{"source":"hvaler_tillegg"},"geometry":{"type":"LineString","coordinates":[[10.926300783301087,59.10123027042575],[10.926312715002952,59.10122399200398],[10.926330246876146,59.101216181299826],[10.926354579435078,59.10120408876237],[10.926367500745341,59.10118947957645],[10.92639329687591,59.10114299652354],[10.92641930959199,59.10107997636018],[10.926427107604722,59.10107024121157],[10.926466971188939,59.101034810073266],[10.926504646502824,59.101003086460665],[10.926511314581592,59.100994035087055],[10.926516407754509,59.100982057000934],[10.926517748312465,59.10093840162977],[10.926510626088547,59.100855637981994],[10.926506974046234,59.100812814697676],[10.926507204263348,59.100809405256854],[10.92650744017304,59.10078387749999],[10.926513343723146,59.10072535017288],[10.926519536705921,59.10070558426711],[10.926529042948014,59.100691766836846],[10.926544266304846,59.100675431755235],[10.926560354512722,59.10066505809017],[10.926575469556969,59.10065699155766],[10.926581503004217,59.100654753587385],[10.926678322464815,59.10061949443973],[10.926789841734436,59.10057966220501],[10.926816774917944,59.10056774125498],[10.926833410539691,59.10055864354221],[10.926850663250649,59.10054435029646],[10.926881428695461,59.10050899270657],[10.926929299274743,59.100437038901696],[10.926981217808766,59.1003530741281],[10.927038356246756,59.10028401907491],[10.927138170311983,59.100177912738765]]}},{"type":"Feature","properties":{"source":"hvaler_tillegg"},"geometry":{"type":"LineString","coordinates":[[10.917301412502422,59.09356804492469],[10.917273768461497,59.0935551254346],[10.917263870429865,59.09355166656244],[10.917255151869867,59.09355004312031],[10.917157144553057,59.09353077024233],[10.917146205510003,59.093528717164965],[10.917135515190047,59.09352604253287],[10.917122035972035,59.09352184140114],[10.917107444763786,59.09351670609353],[10.917026982073702,59.09348216130007],[10.916967565889829,59.09345870965991],[10.916936909266738,59.09344614471752],[10.916888247450155,59.09342483022752],[10.91688371072577,59.0934203714188],[10.91688190608438,59.09341644827913],[10.916881021706832,59.093410665966175],[10.916881533511974,59.09340636626522],[10.916884514730153,59.093397468906055],[10.916889371739648,59.09339042892655],[10.916898414011905,59.093381992324524],[10.916930230285441,59.093361325962235],[10.916945500703587,59.09335047815832],[10.916949927709162,59.09334558254056],[10.916953178755318,59.0933402902095],[10.916955797427585,59.093334438470244],[10.916957137006127,59.09333052450911],[10.916960616426303,59.09330276109029],[10.916957661226101,59.0932864835915],[10.916937589548962,59.093251054641684],[10.916934793703438,59.09324665069877],[10.916922143001413,59.093229618075085],[10.916909517123477,59.09321384501619],[10.916894269099705,59.09320248497426],[10.916883252258597,59.09319521445792],[10.916869126684109,59.09318910474995],[10.916858322895985,59.09318444842709],[10.916847295196218,59.09318167322248],[10.916838065155078,59.09317994371688],[10.916830522661323,59.093178716961496],[10.916814588571091,59.093176056862404],[10.916770243007624,59.09317133245746],[10.916744158629404,59.09316880201122],[10.916706865302816,59.09316501915401],[10.916691773147306,59.09316409392485],[10.916683274929166,59.09316355634407],[10.91667554769602,59.0931624136701],[10.916661560559529,59.09315954517531],[10.916653939958996,59.093157506729256],[10.916647591275593,59.0931550588048],[10.916638539049787,59.09315036775473],[10.916628304165595,59.0931379968107],[10.916613681683105,59.09312431870661],[10.916591020495664,59.09308862825102],[10.91656940758296,59.09305000369593],[10.91656646496091,59.093002796452204],[10.916561488645998,59.09298294862402],[10.916551738141925,59.09295036247723],[10.916520995342863,59.092901829441125],[10.916458103193717,59.09280337031008],[10.916418024372895,59.092749597753276],[10.916410610214923,59.09274289031274],[10.91640355116013,59.09273907128598],[10.916388548241823,59.09273446239012],[10.916375627132453,59.092731447635046],[10.916366180498398,59.09273007091849],[10.916337840328575,59.092730346501774]]}},{"type":"Feature","properties":{"source":"hvaler_tillegg"},"geometry":{"type":"LineString","coordinates":[[10.91690698020802,59.094061645976055],[10.916925245557415,59.094060872912394],[10.916937897360572,59.09406028258854],[10.916949525946015,59.094059480190765],[10.917035271309622,59.09405112309435],[10.917092032328409,59.094042571846394],[10.917115882893542,59.09403891772048],[10.917124093633975,59.09403746812013],[10.917254528274604,59.09399131706627],[10.917266586804933,59.09398837027435],[10.917284486264455,59.09398479832423],[10.917296274743975,59.093982652237806],[10.917308716935658,59.09398088640266],[10.91731824574355,59.09398010771722],[10.917415370513678,59.09397597522577],[10.917480093044741,59.09397540721613],[10.91754699697056,59.09397706582489],[10.917584035533608,59.09397859256495],[10.917724018343666,59.09397994629146],[10.917811699473935,59.0939802813389],[10.91783924132496,59.093977912257856]]}},{"type":"Feature","properties":{"source":"hvaler_tillegg"},"geometry":{"type":"LineString","coordinates":[[10.91778979728778,59.08847735846992],[10.917778127885983,59.08823917051766],[10.917723631878335,59.0880540304424],[10.917607995713114,59.08785266742254],[10.917512670295856,59.0877493202884],[10.917402534448497,59.08742980465891],[10.917422232801023,59.08736703668013],[10.917553928488942,59.087255738530864],[10.91758770021272,59.08718774951524],[10.9175721187672,59.08708817419066],[10.917478488899961,59.08686340773964],[10.917496338829512,59.08666786968383],[10.917434521428353,59.08651199016582],[10.917450412532638,59.0863916476925],[10.917529871529018,59.08625829307303],[10.917576573607038,59.08608308552445],[10.917605935606359,59.08603599722947],[10.917816928784383,59.085852839743595],[10.918074511276828,59.08568922258307],[10.918236120194187,59.08556870631052],[10.91848305236277,59.0853139405802],[10.918491928286295,59.08527016281751],[10.918479501665804,59.08508383095568],[10.918433886604621,59.08497090142904],[10.91843591077762,59.08492304151547],[10.918486133899206,59.08481510979382],[10.91856622109353,59.08470578127225],[10.918586022034978,59.08463771153651],[10.918688595418281,59.084315817544244],[10.91875688533098,59.08422194194463],[10.918831532904715,59.08413923601976],[10.918884125463563,59.084001078122036],[10.919076935474422,59.083835508511434],[10.919280077479986,59.083718187810554],[10.919391049917603,59.083622329761994],[10.919532275752662,59.083524727254634],[10.919540888431964,59.083515467777126],[10.919864395202728,59.08310423565854],[10.919877576725598,59.08305654737389],[10.919833000036569,59.08294221245978],[10.91980718578026,59.082797898087506],[10.919794399505017,59.08272619426925]]}},{"type":"Feature","properties":{"source":"hvaler_tillegg"},"geometry":{"type":"LineString","coordinates":[[10.935383757352277,59.090072383039896],[10.935488794413235,59.09008835608722],[10.93584252874747,59.090184870059474],[10.936220827806224,59.09031002633076],[10.936575481885793,59.090457816969874],[10.9368956418565,59.09060182739882],[10.937081889879456,59.09071106734805],[10.937234384243416,59.09081025729902],[10.93727775402558,59.09085567427101],[10.937344245977185,59.09089174615678],[10.937364549931297,59.09095783885235],[10.937348460215023,59.09101550741516],[10.937341479293119,59.09103461959943],[10.937340164547477,59.09108555851805],[10.937399619442097,59.09117958280285],[10.937445557555248,59.0912682380348],[10.937487256202044,59.091354332680915],[10.937556685173794,59.09144381438227],[10.937617169217791,59.091489318299175],[10.937663154036272,59.09153922280049],[10.93773057900548,59.09164563493107],[10.937786665926495,59.09172975297606],[10.937846869971544,59.091818945242586],[10.937899790847094,59.091888488118414],[10.937920141870942,59.09191583007502],[10.937962859351748,59.091953493879906],[10.937989573055308,59.09200531156397],[10.938013331871014,59.09208356064652],[10.938036675681431,59.09212547224962],[10.938050339312516,59.092150266800054]]}},{"type":"Feature","properties":{"source":"hvaler_tillegg"},"geometry":{"type":"LineString","coordinates":[[10.937888697466386,59.096910625958465],[10.937974141566194,59.0968989187632],[10.938229483116661,59.09685297634901],[10.938579055041751,59.09680818895304],[10.938849066335488,59.09675641134161],[10.93910735758988,59.09671505529173],[10.93920945696978,59.09667779483952],[10.939273026036668,59.09662943644913],[10.939340919295354,59.096557836448405],[10.939423562569178,59.09643544887424],[10.93949851609571,59.09628944316987],[10.93957992989985,59.096192192325695],[10.939618630454133,59.096145751810646],[10.939660047009449,59.0961191770214],[10.939735945791451,59.09606850746237],[10.94006250753273,59.09595376302073],[10.940210893212042,59.095910759250565],[10.940394434210015,59.09583648853702],[10.940494616451826,59.095757807617915],[10.940571483881284,59.09566940497081],[10.940586627880347,59.095570976384785],[10.940595794795733,59.09540492662573],[10.94058385737135,59.09524001388361],[10.940593024144022,59.09507396411753],[10.94063446645469,59.09493050442506],[10.940713786194026,59.09479182791711],[10.940826970933047,59.09466230441876],[10.940898249074166,59.09456203798433]]}},{"type":"Feature","properties":{"source":"hvaler_tillegg"},"geometry":{"type":"LineString","coordinates":[[10.920575733270711,59.093102035916644],[10.920289486525247,59.09304348042529],[10.91995612615463,59.09295206094928],[10.919765943470798,59.092861553331076],[10.919615555120144,59.09274352657655],[10.919525947104956,59.09260223831564],[10.919466433789802,59.09242683177478],[10.919434136087524,59.092301734553104],[10.919445109907645,59.09216541240736],[10.919433207149527,59.091999597559386],[10.9193980316948,59.091854628809365],[10.919302423723256,59.09174911654733],[10.919164721926627,59.091672848724144],[10.919002259283024,59.0916137833772],[10.91886040651735,59.09160032358339],[10.918591505385017,59.09162961601469],[10.91824971102913,59.091666501771776],[10.917981778711848,59.0917008586142],[10.917749639326066,59.09170019768223],[10.917623805909237,59.09167105693833],[10.9174630907899,59.09159586030926]]}},{"type":"Feature","properties":{"source":"hvaler_tillegg"},"geometry":{"type":"LineString","coordinates":[[10.922642747165854,59.09348836253596],[10.922531821709752,59.09349395274618],[10.922448206360434,59.093496176479455],[10.922370680394692,59.0934971532055],[10.922315778540854,59.093495964737265],[10.922260947521291,59.09349271047937],[10.922195422085037,59.09348534325689],[10.922126883459905,59.09347392499441],[10.922005012242794,59.09344958890067],[10.921805804961897,59.093402587962956],[10.92155984603958,59.09334611274981],[10.921336842885527,59.093293506683146],[10.92111363072321,59.093239724770015],[10.920828318964537,59.093168881876856],[10.920575733270711,59.093102035916644]]}},{"type":"Feature","properties":{"source":"hvaler_tillegg"},"geometry":{"type":"LineString","coordinates":[[10.9174630907899,59.09159586030926],[10.917415076838484,59.09160729476189],[10.917363105343235,59.0916152776974],[10.917318043789217,59.09161952219043],[10.917286645754253,59.09161907220711],[10.917253428808664,59.09161775567698],[10.917184693082651,59.091608036825214],[10.91713000807445,59.091596243175175],[10.91689817731552,59.09154308114518],[10.916854057939217,59.091532069933464],[10.91678320549059,59.091515181010024],[10.91675847603173,59.09151008576298],[10.916723333919144,59.09150439258535],[10.916669919756558,59.09151862369426],[10.916637338297472,59.09152811661343],[10.916599608898112,59.091541223620155],[10.916558781297375,59.09155980758008],[10.916545387498152,59.09156810699405],[10.91651172877188,59.091591052904754],[10.916480495684898,59.09162738241354],[10.916437302418318,59.091698131329785],[10.916379774324508,59.09182471404509],[10.916324900445137,59.0919378035148],[10.916315942653107,59.09196314641418],[10.916291274629337,59.092051472818035],[10.916281028011078,59.092119933419085],[10.916278066151378,59.09215949177205],[10.916279433869551,59.092216989408335],[10.916287205625018,59.0923542620723],[10.916287629404628,59.092394736362024],[10.916294957340675,59.092528398505394],[10.916318036845711,59.09262515326203],[10.916336814780633,59.0927110727563],[10.916337840328575,59.092730346501774]]}},{"type":"Feature","properties":{"source":"hvaler_tillegg"},"geometry":{"type":"LineString","coordinates":[[10.935903894196601,59.09952039306671],[10.935884014745362,59.09953181777126],[10.935793438113286,59.09959119598253],[10.935681087620925,59.0996765051529],[10.935670999186666,59.099683471594986],[10.935590024245977,59.09976652799746],[10.935496769115641,59.09988093813107],[10.935487211464409,59.09989079839778],[10.935453015335236,59.09991831778877],[10.935301068677981,59.10000885828061],[10.93515494166576,59.100098951788524],[10.935143215788594,59.10010793480591],[10.935061270203805,59.100194736781056],[10.935034187162275,59.10021384765257],[10.93494546545295,59.10025754890001],[10.934723678678166,59.100341581962944],[10.93456467243762,59.10040465679717],[10.934513434252693,59.1004211215524],[10.93435395240064,59.10045576897515],[10.93433194209663,59.1004645191508],[10.93423797158669,59.10051120218132],[10.934093231222015,59.100582186800985]]}},{"type":"Feature","properties":{"source":"hvaler_tillegg"},"geometry":{"type":"LineString","coordinates":[[10.933858042768476,59.10067308083058],[10.933766730303871,59.10070618029794],[10.933586412902638,59.100776497514005],[10.933419022760226,59.1008468605444],[10.933371697313172,59.10085832266943],[10.933355849327782,59.10086079240495],[10.933342012358965,59.10086251604199],[10.933325257696001,59.100863788459925],[10.933269617407776,59.10085988434253],[10.933142077822923,59.10084032671241],[10.932890823967789,59.100795486837036],[10.932697357041432,59.10076298007413],[10.932440357535185,59.10072533175711],[10.932342307867353,59.100709126662196],[10.932148001505512,59.10067191726767],[10.932040142075541,59.100650009240454],[10.93191840891131,59.1006168760801],[10.931902145561535,59.10061106066585],[10.93188679125502,59.10060347554312],[10.931870483731373,59.100593612684364],[10.931814372827695,59.100546535249066],[10.931715531508123,59.10047366005445],[10.931694202223731,59.10046193117069],[10.931649616896763,59.10044587561878],[10.931534727247362,59.100408101676685],[10.931488410613344,59.10039927460451],[10.931414346716908,59.100387148648466],[10.93137607750347,59.10038414878011],[10.931335404034105,59.10038520937465],[10.931208673189829,59.10039273878821],[10.931070262757032,59.10040295834017],[10.93085472963437,59.10039295321215],[10.93082396255639,59.10039153745712],[10.930269428721445,59.100370705235456],[10.929694259830555,59.100348503130945],[10.929338340293878,59.100334445164805]]}},{"type":"Feature","properties":{"source":"hvaler_tillegg"},"geometry":{"type":"LineString","coordinates":[[10.920575733270711,59.093102035916644],[10.920576662765411,59.09313830010239],[10.920582121346767,59.09316292829997],[10.920591587031062,59.09318030980756],[10.920597012582428,59.0931875837652],[10.920713062749495,59.093272609003016],[10.92080855593695,59.09334242098768],[10.92086524765832,59.093388802747],[10.920896638907879,59.09342018166274],[10.92094605206634,59.093479281680196],[10.920999751969482,59.09356405190824],[10.921032834057725,59.09363558518163],[10.921066106984535,59.09373931327651],[10.9210860147756,59.09380260933748],[10.921109062583845,59.093855664264524],[10.92114791145283,59.09392719922416],[10.921149451671447,59.093950984722866],[10.921144376435931,59.093974561951626],[10.9211270449258,59.094013038518355],[10.921091682441757,59.09405031803021]]}},{"type":"Feature","properties":{"source":"hvaler_tillegg"},"geometry":{"type":"LineString","coordinates":[[10.937196730809804,59.097014807150316],[10.937470733843442,59.09697214870886],[10.937783812912157,59.09692711832835]]}},{"type":"Feature","properties":{"source":"hvaler_tillegg"},"geometry":{"type":"LineString","coordinates":[[10.937783812912157,59.09692711832835],[10.937824869417353,59.096964100582845],[10.937867366842605,59.09701695250998],[10.937860940895826,59.097032845298955],[10.937851705495202,59.097044424143725],[10.937841157724636,59.0970538039554],[10.937826794491102,59.097064412826604],[10.93781145024459,59.09707445146817],[10.93779046019213,59.097084942487214],[10.937765577940695,59.09709288385145],[10.937745831658047,59.09709729984131],[10.937537391304263,59.09711315275657],[10.93752739081967,59.09711643568649],[10.937515067580021,59.09712162385322],[10.937443261761079,59.09714949298352],[10.937468431177614,59.09721142232754]]}},{"type":"Feature","properties":{"source":"hvaler_tillegg"},"geometry":{"type":"LineString","coordinates":[[10.937783812912157,59.09692711832835],[10.937830142330288,59.09691957962735],[10.937888697466386,59.096910625958465]]}},{"type":"Feature","properties":{"source":"hvaler_tillegg"},"geometry":{"type":"LineString","coordinates":[[10.927324342261308,59.09534305204673],[10.927469607767385,59.09537207441327],[10.927816801526252,59.09543711448234],[10.928162522716333,59.09550426521535],[10.928425430711211,59.095558023115416],[10.928579038806646,59.09560510904142]]}},{"type":"Feature","properties":{"source":"hvaler_tillegg"},"geometry":{"type":"LineString","coordinates":[[10.918767785970243,59.09350679937692],[10.918729611084212,59.093525107953404],[10.918685669930412,59.093543414698715],[10.918652642962149,59.09355370333452],[10.918621015780788,59.093562507536745],[10.918595485219424,59.09356853665879],[10.918481432504363,59.09358130785794],[10.918370857945071,59.09358834418526],[10.91822962253913,59.09358578279328],[10.918117431416027,59.09359025040919],[10.917998884213986,59.09359820410438],[10.917882333529297,59.093612874166624],[10.917831190403524,59.093622681710116],[10.917792833853436,59.09363370133839],[10.917752380982039,59.09365058916751],[10.917719378280479,59.093670948604334],[10.917697719771077,59.09368995713171],[10.917691583711004,59.09370334066697],[10.91769722876438,59.09372051211372],[10.917713883767977,59.09375088804662]]}},{"type":"Feature","properties":{"source":"hvaler_tillegg"},"geometry":{"type":"LineString","coordinates":[[10.93402899178908,59.08945299392323],[10.934001460949599,59.08953934475406],[10.93400250042994,59.08956743000469],[10.934008150334549,59.08960968626782],[10.934016015041832,59.089624408978004],[10.934067697792454,59.0896984104115],[10.934118512908292,59.08975467187491],[10.934187684199268,59.089819691417425],[10.934196022529509,59.08982894433074],[10.934285085257587,59.08988829422263],[10.934305148051948,59.08990034270679],[10.934383009241534,59.089934794945734],[10.934403539178218,59.08994290193476],[10.934515272759297,59.08997607935184],[10.93453288811428,59.08998076810362],[10.934620321797908,59.089996369280996],[10.934694182085241,59.09000561026175],[10.93487039570939,59.09002103002596],[10.935049500823885,59.09003564115129],[10.935242487484437,59.0900540143179],[10.935307750500112,59.090062086076856],[10.935383757352277,59.090072383039896]]}},{"type":"Feature","properties":{"source":"hvaler_tillegg"},"geometry":{"type":"LineString","coordinates":[[10.926351904533101,59.095067559076334],[10.926006766212778,59.09489846072872],[10.925806518095317,59.09480126224206],[10.92577537338414,59.09478688588264],[10.925753168504446,59.094775218281],[10.925734296597009,59.09476491426232],[10.925701605447966,59.09474590370801],[10.92554049116661,59.09463114364665],[10.925232385025199,59.09447399716565],[10.925051680501216,59.09438442525793],[10.924912733685483,59.09431109199932],[10.924607826126861,59.09412707069819],[10.924286789904581,59.09393175170532],[10.92393953732995,59.09373650618103],[10.92361034290211,59.09358049031383],[10.92330432764739,59.09350882180967],[10.92293621869686,59.09347296194201],[10.922642747165854,59.09348836253596]]}},{"type":"Feature","properties":{"source":"hvaler_tillegg"},"geometry":{"type":"LineString","coordinates":[[10.934093231222015,59.100582186800985],[10.933858042768476,59.10067308083058]]}},{"type":"Feature","properties":{"source":"hvaler_tillegg"},"geometry":{"type":"LineString","coordinates":[[10.9174630907899,59.09159586030926],[10.917425856901815,59.091557822597395],[10.917371756435209,59.0914823889737],[10.917329374734097,59.091340788902336],[10.917313993965692,59.09127916326854],[10.917342632918219,59.09111192822171],[10.917441647676725,59.09094061701257],[10.917543779711115,59.09080330122607],[10.917645153713206,59.090689968290846],[10.917739525406452,59.09055618418969],[10.917824742080754,59.090389203357695],[10.917839929717642,59.09034085910152],[10.917864698561107,59.090278070997364],[10.917900541189972,59.0901530522966],[10.917943919543028,59.08992064504362],[10.917861149958034,59.089749899458525],[10.917756143394213,59.08956047046493],[10.917685666816212,59.089389212963255],[10.917634871119086,59.08921407994244],[10.917596938023129,59.089085028098175]]}},{"type":"Feature","properties":{"source":"hvaler_tillegg"},"geometry":{"type":"LineString","coordinates":[[10.926351904533101,59.095067559076334],[10.926509390031507,59.09512609846308],[10.926723760056262,59.09520153133798],[10.927112333883377,59.09530069237083],[10.927324342261308,59.09534305204673]]}},{"type":"Feature","properties":{"source":"hvaler_tillegg"},"geometry":{"type":"LineString","coordinates":[[10.918767785970243,59.09350679937692],[10.918811709243617,59.09348570473805],[10.91887232353353,59.093460909944866],[10.918943308399328,59.09343707118695],[10.91906300551394,59.0934018193029],[10.919123822036488,59.0933797281593],[10.91921258478895,59.093356269407586],[10.919317633552517,59.09333692007756],[10.91946422177393,59.0933267913325]]}},{"type":"Feature","properties":{"source":"hvaler_tillegg"},"geometry":{"type":"LineString","coordinates":[[10.940898249074166,59.09456203798433],[10.940879784439792,59.0945512095514],[10.940856399422987,59.094546520793884],[10.940797092324388,59.09455005743904],[10.940748662471975,59.09455618264071],[10.940683108584608,59.09456968356293],[10.94064523790756,59.094581084705844],[10.940504565782328,59.09462540947585],[10.940339694721718,59.09467634864537],[10.940245122877148,59.094700269021644],[10.940196975624513,59.09470990944215],[10.940006606166024,59.09474152737302],[10.93982794239532,59.09476577942974],[10.939652661236714,59.09477916799583],[10.939612668021896,59.09478339928828],[10.939560472826921,59.09478589948921],[10.939356700187,59.094793449597],[10.939286852910023,59.09479449733676],[10.939215155936925,59.09479198049979],[10.93919586895125,59.0947895777681],[10.939169031204864,59.09478010506709],[10.939143816932635,59.09476429949513],[10.93913637223231,59.09475633373129],[10.939112236257534,59.094701899807546],[10.939067926235206,59.094628941080835],[10.939003150759753,59.09453106464296],[10.938904365833082,59.094419354658505],[10.93884293230126,59.094353771360026],[10.93881834081723,59.09432090196083],[10.938806203872597,59.09429058083632],[10.938804440279116,59.094258247156205],[10.938801597499303,59.09423945635688],[10.938798938812097,59.09419549597422],[10.938792772988785,59.094114741571026],[10.938770951838661,59.09403781221348],[10.938720380563204,59.09394838299873]]}},{"type":"Feature","properties":{"source":"hvaler_tillegg"},"geometry":{"type":"LineString","coordinates":[[10.917596938023129,59.089085028098175],[10.917633560266799,59.089034212368546],[10.917649812864003,59.08900334484368],[10.917658928607903,59.08898106390577],[10.917665427290467,59.08890295435566],[10.917680605630638,59.08874896189762],[10.91778979728778,59.08847735846992]]}},{"type":"Feature","properties":{"source":"hvaler_tillegg"},"geometry":{"type":"LineString","coordinates":[[10.928319443548824,59.084807444205836],[10.928557793524751,59.08474210665696],[10.92876169232793,59.08468737456541],[10.929039924695287,59.08460980273066],[10.929363979045728,59.084543560633094],[10.929615560146992,59.084543374011844],[10.929877052719409,59.0845479939491],[10.93009146232401,59.08459609033516],[10.930266241985846,59.08466901592059],[10.930515175239897,59.08480900781449],[10.930809746895983,59.08493245033372],[10.931017934064853,59.08504778398361],[10.931365124924977,59.08519895257945],[10.931728744182166,59.08538839933628],[10.931975588195456,59.08551663396233],[10.932288697818212,59.08569010684288],[10.932534696601625,59.08582550676188],[10.9328403154778,59.0859870543834],[10.933134606330974,59.0861572368236],[10.93332169098921,59.08631955748481],[10.933464027781266,59.08648946438019],[10.93362374702116,59.08676331587348],[10.933733689084162,59.086998740627656],[10.933773043065063,59.08715462504595],[10.933865713248935,59.087375121530755],[10.933926837357497,59.08758024181974],[10.933930741569917,59.08781413628949],[10.933970113538884,59.087997893971156],[10.934103034205895,59.08821785526712],[10.934167221005739,59.08836471843519],[10.93420876337953,59.0884756252731],[10.934204133490919,59.08860315537526],[10.934255948128046,59.08872616308081],[10.934318292769445,59.08880454509844],[10.934323386979823,59.088835275137356],[10.934334743097693,59.088886881512316],[10.93433045368094,59.08898205388176],[10.934294152663801,59.089067230396644],[10.93420286920312,59.08924778657878],[10.934101905503676,59.08939207399893],[10.93402899178908,59.08945299392323]]}},{"type":"Feature","properties":{"source":"hvaler_tillegg"},"geometry":{"type":"LineString","coordinates":[[10.938323534780228,59.09279441990224],[10.938412100585381,59.092853661151],[10.938396006077465,59.093005827187376],[10.9384881037277,59.09307066372254],[10.938538895014071,59.09310804092219],[10.938594419441094,59.09315266952042],[10.938650809078132,59.093266737271435],[10.938695540009837,59.09332874013348],[10.93873533209784,59.093383754850365]]}},{"type":"Feature","properties":{"source":"hvaler_tillegg"},"geometry":{"type":"LineString","coordinates":[[10.919763888606248,59.08009725387921],[10.919732578662082,59.080019751537755],[10.91963614562886,59.07978186071877],[10.919634497665026,59.07977956097657],[10.919632828402028,59.079777440389584],[10.919570742483172,59.07969582151262],[10.919500749931576,59.07965720171324],[10.919158054628742,59.07953374399777],[10.918758917637911,59.07931355861234],[10.918655933740618,59.07922777332993],[10.918552516673211,59.07912066488753],[10.918272623843233,59.07894065014376],[10.91802397138675,59.07882842478893],[10.917991320713064,59.078813639065366],[10.91795052696462,59.07880417131314]]}},{"type":"Feature","properties":{"source":"hvaler_tillegg"},"geometry":{"type":"LineString","coordinates":[[10.938720380563204,59.09394838299873],[10.938701449504372,59.093934122957975],[10.938696681940193,59.0939227345138],[10.938702991213892,59.09389748719541],[10.93871273317289,59.093849150187104],[10.938717555229877,59.09381432557914],[10.938717758995729,59.09377423122139],[10.938724018801791,59.093743497720844],[10.938731551072053,59.09371972733],[10.93875300719431,59.09370232758966],[10.93878392895913,59.09367434520598],[10.938794129999208,59.09365164749936],[10.938791982825752,59.09362550571968],[10.93876955864245,59.09360385331974],[10.938758451316975,59.09358992843869],[10.938727469649084,59.0935342907911],[10.938721789889781,59.09347009541651],[10.938716572178638,59.09341823246678],[10.938716627227798,59.093397104875415],[10.93873533209784,59.093383754850365]]}},{"type":"Feature","properties":{"source":"hvaler_tillegg"},"geometry":{"type":"LineString","coordinates":[[10.925736148353021,59.1015503198298],[10.925748179576503,59.10145494118189],[10.925754308973778,59.10139893851837],[10.925752128653556,59.101389339226735],[10.925744884093435,59.10137823201427],[10.925710553117238,59.10134649236004],[10.92569537817187,59.10132416645214],[10.925684429954133,59.10129127384053],[10.925671772396777,59.10125805774288],[10.925663795604065,59.10124575863702],[10.925645104142202,59.101230964724515],[10.925582130310953,59.101194637986396],[10.925541648984053,59.10116612156992],[10.925539503637623,59.101153286518084],[10.925548173798756,59.10113180028648],[10.92556824865271,59.101098174807284],[10.92556816684399,59.10107974014592],[10.925560661768618,59.10104434831873],[10.9255687737368,59.101021675670424],[10.92558395512671,59.10100569902085],[10.925604545096352,59.10098980252277],[10.92564749905794,59.10096220127994]]}},{"type":"Feature","properties":{"source":"hvaler_tillegg"},"geometry":{"type":"LineString","coordinates":[[10.921975095458968,59.08149643364581],[10.921895296584788,59.081478546172605],[10.921779457945998,59.08147435958666],[10.92164598102121,59.08149218569713],[10.921537862052531,59.08150829254974],[10.921338411554915,59.081534470949336],[10.92123679850406,59.081547275808695],[10.921160625417306,59.081560611947005],[10.921114363817201,59.08157506978162],[10.921088583874381,59.08158621639983],[10.921050786893254,59.08161469745413],[10.920982876506725,59.0816907832275],[10.920905894260551,59.08175795163639],[10.92086584998084,59.08180092778052],[10.920839934655058,59.081852890598725],[10.920806816834482,59.081908133199086],[10.920753278231754,59.081977927993044],[10.920708517392953,59.08202677973299],[10.920646937040914,59.08209074662555],[10.920583503005465,59.08216148850376],[10.920545404122361,59.08220425609366],[10.920475472648334,59.08226058703808],[10.920399578840108,59.08233327416349],[10.92034508187252,59.08238172924327],[10.920262381446445,59.082438197400386],[10.920182049110347,59.082485029488],[10.920062336848371,59.082554538037606],[10.91994644193441,59.08261985089953],[10.919856839443801,59.08267852907025],[10.919794399505017,59.08272619426925]]}},{"type":"Feature","properties":{"source":"hvaler_tillegg"},"geometry":{"type":"LineString","coordinates":[[10.917301412502422,59.09356804492469],[10.917328459819105,59.09357716925343],[10.917362292791648,59.09359388028069],[10.917417413950592,59.09362259117368],[10.917473540729546,59.09364872624915]]}},{"type":"Feature","properties":{"source":"hvaler_tillegg"},"geometry":{"type":"LineString","coordinates":[[10.917473540729546,59.09364872624915],[10.917537210222969,59.09367608801734],[10.917569153374128,59.093689592478555],[10.917713883767977,59.09375088804662]]}},{"type":"Feature","properties":{"source":"hvaler_tillegg"},"geometry":{"type":"LineString","coordinates":[[10.91946422177393,59.0933267913325],[10.919531092608864,59.093328717636204],[10.919540241185484,59.09333260229253],[10.919737851108598,59.09342091645805],[10.919824892791873,59.09345746496541],[10.91988098560844,59.09348242902721],[10.919907106422071,59.09349494032011],[10.919992610989018,59.09355176063268],[10.920014713782034,59.09356720240945],[10.92004056894269,59.09359517033885],[10.920050759161686,59.09361086635844],[10.920057733771117,59.09361980755436],[10.92007079084295,59.093629030204966],[10.920083890539173,59.093637894544486],[10.920142187326302,59.093678123179295],[10.920237467570608,59.093754132872554],[10.92026073618585,59.093774466613276],[10.920290104998863,59.09379346391863],[10.920303286416216,59.093800172895754],[10.920313199117182,59.09380498068404],[10.920324319796585,59.09380991642228],[10.92036762992274,59.093826295662524],[10.920391594297639,59.093833434081205],[10.920432793849942,59.093845520931346],[10.920477105748352,59.093857885593984],[10.92056195292086,59.09388204639283],[10.920571794484214,59.0938845141836],[10.920587967488183,59.0938910475866],[10.920631441554566,59.09391192754283],[10.9206507731613,59.09391981917144],[10.920661126636947,59.09392679872022],[10.92068814740003,59.09394644130045],[10.920736042287212,59.09398157674296],[10.920862607247223,59.09405020903833],[10.92092488813219,59.094086336816375],[10.920965390555956,59.09408077860576],[10.921091682441757,59.09405031803021]]}},{"type":"Feature","properties":{"source":"hvaler_tillegg"},"geometry":{"type":"LineString","coordinates":[[10.924688767046161,59.08118280734304],[10.924623793333891,59.08121070406144],[10.924567185593215,59.0812314012072],[10.924503935824204,59.08124919196115],[10.924442426263473,59.08126703743997],[10.924377648851527,59.081282981811945],[10.92430970997634,59.081296129291204],[10.924235767402752,59.08130099566882],[10.924163391056817,59.08130591128825],[10.924091575521095,59.08130904625777],[10.924017739283103,59.08131301672958],[10.923945536913147,59.081317937702956],[10.92387518119157,59.08132201761945],[10.923804399875914,59.081329680619355],[10.923731810624473,59.08133638755718],[10.923659782198504,59.08134131384689],[10.923585839450954,59.081346179851465],[10.923513636959367,59.08135110058264],[10.923442961915455,59.08135786760339],[10.923370691760764,59.08136188699739],[10.92330033589384,59.081365966599996],[10.923231255855702,59.081375481093076],[10.923166303672577,59.08139141937334],[10.92310464797331,59.081411957022574],[10.923044664866419,59.081431648159906],[10.92298631555394,59.081452289824284],[10.922918269420697,59.081466332343446],[10.922850368465774,59.08147768201037],[10.922783134789508,59.08148635525913],[10.922711144754048,59.08148948397995],[10.922640150007137,59.08149893789524],[10.922573524645284,59.08151572234875],[10.92250753779576,59.081527132093456],[10.922435441224756,59.081531156438764],[10.922362562255186,59.081527063949984],[10.92228989617477,59.081521179862975],[10.92221865109106,59.0815180378579]]}},{"type":"Feature","properties":{"source":"hvaler_tillegg"},"geometry":{"type":"LineString","coordinates":[[10.938323534780228,59.09279441990224],[10.938299316789227,59.09276578794159],[10.93828192307549,59.09272379320496],[10.93827457672805,59.09269434148902],[10.938238116611506,59.092611198682796],[10.938206173939513,59.092568118425945],[10.93818032809414,59.09251929510948],[10.93816158621789,59.09247393133894],[10.93813979703753,59.09244249830239],[10.938083456921486,59.09239739433793],[10.938058510570698,59.09236163643567],[10.938054381031423,59.092334533356116],[10.938069157542252,59.092292378332026],[10.938080710570794,59.09224203016098],[10.938067093548312,59.09219323056442],[10.938050870980481,59.09216053344074],[10.938048386321094,59.09215200380949],[10.938050339312516,59.092150266800054]]}},{"type":"Feature","properties":{"source":"hvaler_tillegg"},"geometry":{"type":"LineString","coordinates":[[10.927995788424695,59.10009103753024],[10.927985289410964,59.100083784328106],[10.927935024516149,59.10005523095246],[10.92792098435518,59.10005425024818],[10.927806170384063,59.100093889942364],[10.927718267879285,59.10011000901751],[10.927700389131578,59.10010603045046]]}},{"type":"Feature","properties":{"source":"hvaler_tillegg"},"geometry":{"type":"LineString","coordinates":[[10.927186310151264,59.100121342366684],[10.927185052639501,59.10012310109165],[10.927138170311983,59.100177912738765]]}},{"type":"Feature","properties":{"source":"hvaler_tillegg"},"geometry":{"type":"LineString","coordinates":[[10.917713883767977,59.09375088804662],[10.917720658759304,59.0937629700487],[10.917770563912306,59.09383845106285],[10.917809349025317,59.0939045903717],[10.917836537813026,59.09396685767891],[10.91783924132496,59.093977912257856]]}},{"type":"Feature","properties":{"source":"hvaler_tillegg"},"geometry":{"type":"LineString","coordinates":[[10.925736148353021,59.1015503198298],[10.925730374551696,59.10157243661709],[10.925722111468422,59.101603736134884],[10.925717370905172,59.1016215696037],[10.925718612873556,59.10163024026546],[10.925732911693064,59.1016422885814],[10.925764888505643,59.1016644234658],[10.925786451486942,59.10167858833971],[10.9257983308492,59.10169334786624],[10.92580332922441,59.10170276602287],[10.925804049717442,59.101715826005176],[10.925797666331787,59.10174601576365],[10.925790058999754,59.10178650698935],[10.925790708555956,59.101817817001645],[10.92579685995071,59.10183518372088],[10.925798901055783,59.10184154177943]]}},{"type":"Feature","properties":{"source":"hvaler_tillegg"},"geometry":{"type":"LineString","coordinates":[[10.929479643653282,59.07934026926501],[10.929328034188641,59.07922832883157],[10.929095789564514,59.07907465200614],[10.928883692497186,59.07896170900881],[10.928580927641743,59.078823887049516],[10.928471690599421,59.07878179084627],[10.928206792494043,59.078654599095266],[10.928065418340429,59.07858011272234],[10.927772712003092,59.07842381320426],[10.927725664886928,59.07839931638023],[10.92770249064513,59.07839148466511],[10.927683814103208,59.078389908419396],[10.92759283822352,59.078391184005305],[10.927545551578742,59.07839814901993],[10.92750549364703,59.078411904931116],[10.927322016039996,59.07849649810207],[10.927243680860808,59.07853107896495],[10.927232360521545,59.078535218639864],[10.927211770972084,59.07853798789619],[10.92710213779812,59.07854488045156],[10.9270095040531,59.07853657275668],[10.92688559242971,59.078507770342824],[10.926740947065234,59.07847265126782],[10.926750075254711,59.07847815327041],[10.926763206905555,59.07848818689657],[10.926770105959568,59.078497754780955],[10.92678070085108,59.078530636373294],[10.926804944608493,59.07859568637965],[10.926850580685224,59.07868505615449],[10.926901226194543,59.07874104599606],[10.927031533030508,59.07885726480493],[10.927041905849435,59.078868470422464],[10.92705009087989,59.07887897785383],[10.927053790087681,59.07888754597164],[10.927058432986774,59.078919071503755],[10.927069251497631,59.078950071928226],[10.927074439691111,59.07900202478972],[10.927058733628927,59.07914026620858],[10.927054748078438,59.07922978384631],[10.92706668754483,59.079269001572946],[10.927099408009575,59.07931561620841],[10.927156453349886,59.079380978257035],[10.927166632272863,59.07939676331056],[10.927156180231783,59.07944804454009],[10.92712247422084,59.07955398078046],[10.927119891108811,59.07957574834088],[10.927118891490272,59.07959594726501],[10.927127149162263,59.079624978986516],[10.927149613869767,59.07965940263656],[10.927182482795669,59.079688578845776],[10.92719898912222,59.07969961765514],[10.927223696855496,59.079715140241454],[10.927249807401818,59.079730617019266],[10.927308978746838,59.07976187900735],[10.927470434591793,59.079845269505405],[10.927640019784361,59.07992639782074],[10.927712863852305,59.07995431315203],[10.927926754938081,59.08007423768829],[10.928075375789222,59.080183388441306],[10.928160535052854,59.08025179168785],[10.92808016559405,59.08026374109355],[10.927808996105332,59.08029531716721],[10.9272401095626,59.0803231064313],[10.92696070640905,59.08032690857307],[10.926806883067297,59.08035875583319],[10.926707796792828,59.08039888788862],[10.926343121665354,59.08063252143218],[10.926092252591786,59.08077262773591],[10.926036347989614,59.08083156052434],[10.926017554527794,59.08085155944539],[10.925945772616489,59.08090297962557],[10.925804769814734,59.08096364143759],[10.925678431958621,59.08099788047485],[10.925401439242439,59.081038709335736],[10.92506104798256,59.08108239842758],[10.924813047489923,59.081135017588366],[10.924780786641549,59.081141914935735],[10.924688767046161,59.08118280734304]]}},{"type":"Feature","properties":{"source":"hvaler_tillegg"},"geometry":{"type":"LineString","coordinates":[[10.928579038806646,59.09560510904142],[10.928928662575311,59.09573657781344],[10.929145851451098,59.09582072665757],[10.929512145742759,59.09595901140861],[10.929580338724497,59.09598812750262],[10.929639450347668,59.096006888070235],[10.929777168185547,59.09605095575146],[10.930262404733115,59.09623253615694],[10.930644551551714,59.09637131545126],[10.930947114735647,59.09650040126868],[10.931053694838377,59.09655949403639],[10.931220963096052,59.096666797363824],[10.931488023904238,59.09683297969105],[10.931793924594126,59.09703859365625],[10.932031017778968,59.09719079653252],[10.93221896097567,59.097315381327626],[10.932489776464097,59.09746324723753],[10.932767457757361,59.097538499110435],[10.93294481271685,59.09755935128673],[10.93338272797595,59.09759647338035],[10.93396404981455,59.09761651535175],[10.934125082587391,59.0976143756319],[10.934191818663034,59.09761161451241],[10.934367481227666,59.097603999357126],[10.934711671989652,59.09757523749331],[10.935013672033278,59.0975190765656],[10.935326538155172,59.097443475157064],[10.935740794639683,59.09733958416133],[10.936053326117808,59.09725497935339],[10.936391480131618,59.09717387477031],[10.936801505190711,59.09707614164501],[10.937196730809804,59.097014807150316]]}},{"type":"Feature","properties":{"source":"hvaler_tillegg"},"geometry":{"type":"LineString","coordinates":[[10.9368895300903,59.098236070146164],[10.936820210727369,59.098234076241866],[10.936722309412477,59.09829484373379],[10.936670107940916,59.09832980093765],[10.936512180217994,59.09843993574735],[10.9364786636518,59.098464689404054],[10.936451950236965,59.098486599397326],[10.936394317437273,59.098546741373085],[10.936368411290776,59.09858396172131],[10.936275090731119,59.09872552370489],[10.936206127666866,59.09889455344545],[10.936146156676049,59.09906881034559],[10.93608438577525,59.09921253057936],[10.936060969868976,59.09926412500548],[10.9360137872161,59.099355524361414],[10.93595118824838,59.09945165508247],[10.93593042804708,59.09948526045557],[10.935903894196601,59.09952039306671]]}},{"type":"Feature","properties":{"source":"hvaler_tillegg"},"geometry":{"type":"LineString","coordinates":[[10.926084921786497,59.0989293637499],[10.926180306157542,59.0988840796373],[10.926254723726384,59.098847577090794],[10.926373088020767,59.098773613908804],[10.926475787232082,59.098709408182465],[10.926564625523802,59.09865007147165],[10.926667912028368,59.09857797176235],[10.926782359886536,59.09850901013799],[10.926856846574834,59.09847044145714],[10.92690552682249,59.098453449742856],[10.927000386803952,59.0984243328516],[10.927112426878272,59.09839476688772],[10.927191844615663,59.098369120610336],[10.927227412785566,59.098352166192264],[10.927250946852947,59.09833941904448],[10.927264672300304,59.098320968831295],[10.927270619694617,59.09830326317288],[10.927259917666657,59.0982771218781],[10.927231671602065,59.09824566376147],[10.927227818725084,59.09824131676474],[10.927186579744767,59.09820153792787],[10.927150460056762,59.09817163054955],[10.927118347202788,59.09815066054077],[10.927092490080517,59.09813734990823],[10.927056417391505,59.09812470719146],[10.927019969561119,59.09811816672673],[10.92697365545089,59.09811671086217],[10.92689004352486,59.09812028648233],[10.92677459897215,59.098129964447196],[10.926673985901042,59.09813983883166],[10.926619446921649,59.09814288964217],[10.926553710479007,59.098141632250254],[10.926511915544662,59.09813744109132],[10.926468151179302,59.09812923184793],[10.926415636637419,59.09811229570728],[10.926371693353016,59.0980982364856],[10.926341838734526,59.09808327150293],[10.926320404415925,59.09806362605244],[10.92630377173413,59.0980329823976],[10.926288193350171,59.09796550771603],[10.926273618137758,59.09791901421006],[10.92626752706092,59.097883487047284],[10.926270255722182,59.09785021525743],[10.926283247257834,59.09780557749578],[10.92632254679369,59.09771159562213],[10.926365768337616,59.097599304962],[10.92637339323609,59.09756600728297],[10.92636532783955,59.09752061757782],[10.926336964121537,59.09746514886812],[10.926318449329676,59.09742239774403],[10.926309284268582,59.097384795856534],[10.926303949517106,59.097314945852524],[10.926317160082071,59.097202251126504],[10.92633113644395,59.09705073822643],[10.926368892619125,59.09687704525191],[10.92640566469417,59.096705748972234],[10.926430966971814,59.09656628079472],[10.926457009290049,59.09646325049042],[10.926458972309428,59.09640846551248],[10.92644731163439,59.09634920614016],[10.926433869136204,59.09626669329004],[10.926433547128925,59.096163463481595],[10.92642128275435,59.09607397448297],[10.926424090268485,59.096029735830776],[10.926446097177541,59.09596362265638],[10.926474792477022,59.095904463208655],[10.926515281158759,59.09584900130344],[10.926578862163431,59.09578302631741],[10.92664157369531,59.095737613957205],[10.92668821096872,59.0957068914524],[10.926742381985235,59.09568189044728],[10.92679751348014,59.09566204463445],[10.926880959489045,59.095643628399785],[10.926978255089576,59.095624838278965],[10.927046360972323,59.095614930963976],[10.927081690560481,59.09560732004765],[10.927116458099519,59.09559708398894],[10.927152283669095,59.095583824152484],[10.927193230365285,59.09556128446613],[10.927234246435798,59.09553227324287],[10.927264991651592,59.0955073448701],[10.927290874341667,59.09547480089918],[10.927318027166796,59.09542125730628],[10.927324342261308,59.09534305204673]]}},{"type":"Feature","properties":{"source":"hvaler_tillegg"},"geometry":{"type":"LineString","coordinates":[[10.928319443548824,59.084807444205836],[10.92832350801997,59.084739328300074],[10.9282964798032,59.08460199141543],[10.92825992302498,59.084491958178546],[10.928179276624292,59.0843324357953],[10.928114179984474,59.084230316822705],[10.928030793236646,59.08413364700872],[10.927974335397028,59.084055896089446],[10.927965441011649,59.08402927209339],[10.927960993354702,59.0840019786678],[10.927972856447262,59.08397708614254],[10.92799199753526,59.0839409135869],[10.928060096346957,59.08387786762508],[10.928171647094327,59.083763678539604],[10.928216568481124,59.083720763672545],[10.928239719979052,59.08369937290467],[10.928432349488537,59.08346572078593],[10.928584628956235,59.08328061176692],[10.928645660003802,59.08319171830619],[10.928662090975958,59.083147458271114],[10.928656109579926,59.08310069555058],[10.928628967173056,59.08302026980103],[10.928576573535155,59.08292151740961],[10.928577230783828,59.082852665018855],[10.92861060028741,59.08280992642967],[10.928658094583868,59.08277770199791],[10.928714047518806,59.08275221711533],[10.92880689854409,59.08272492479445],[10.929096652074469,59.08267378990083],[10.929384341621727,59.08262384829023],[10.92958925788529,59.08258398271038],[10.929728955634495,59.08253874073126],[10.929825820757275,59.08249673827231],[10.930065353572047,59.082394751175364],[10.930257300044245,59.08230367649839],[10.930334619889825,59.08225413633252],[10.930454367310471,59.082154678961324],[10.93058672221466,59.0820063455253],[10.930747995392261,59.08177763955976],[10.930847821965006,59.081676746846426],[10.93102063520219,59.081571673133276],[10.931227183098983,59.081473772923346],[10.931412381929388,59.08144101774699],[10.931604083351818,59.08138140290468],[10.93179068476161,59.081314704356004],[10.93184134841674,59.08128959156541],[10.931865682326848,59.081268507096816],[10.931866643255429,59.08124713811723],[10.93184703573251,59.081213614354354],[10.931744719925316,59.081127771347774],[10.931641808208454,59.081042538919775],[10.931499116903156,59.08093187048385],[10.931369393542923,59.08082232850664],[10.931258534004028,59.080687753876845],[10.931180976982164,59.08060673413972],[10.931069467869353,59.08048796350868],[10.930936776814995,59.08037401200728],[10.930824362513503,59.08028056801824],[10.93072349646653,59.08020169289785],[10.930627140767447,59.08012161070353],[10.930607594676482,59.080105261931664],[10.930513994468273,59.0800225688362],[10.930439893423943,59.0799242141365],[10.9303958353387,59.07985827269262],[10.930335939731709,59.07980657927734],[10.930230129004888,59.079747329115676],[10.93008880251442,59.07966205713211],[10.92997473219975,59.07959292657147],[10.929871574002178,59.07952899407359],[10.929716428422644,59.079467473881614],[10.929602437337213,59.07941830604307],[10.929479643653282,59.07934026926501]]}},{"type":"Feature","properties":{"source":"hvaler_tillegg"},"geometry":{"type":"LineString","coordinates":[[10.926300783301087,59.10123027042575],[10.926305052352282,59.10123552965423],[10.92631215582404,59.10125076837593],[10.926316106602508,59.10126312069254],[10.926316337787966,59.10128030126492],[10.92631070950222,59.10131590953303],[10.926301894626553,59.10135627290068],[10.926300354447262,59.10141484748801],[10.926299548488313,59.101483425454795],[10.926298048906597,59.101549014499824],[10.92629853735913,59.10158904095703],[10.926306148688353,59.10165149975099],[10.926319548003335,59.10169319087237],[10.92632864633119,59.101713707234175],[10.926350454320884,59.10174199598679],[10.92639250225075,59.101794118467296],[10.926392112391342,59.101798871578005],[10.926382042741722,59.101805658111104],[10.92635829793957,59.10180985683184],[10.926179862160243,59.10181854326435],[10.925961387548375,59.101830286426875],[10.925825257921133,59.10183742528655],[10.925807419026217,59.10184046090905],[10.925798901055783,59.10184154177943]]}},{"type":"Feature","properties":{"source":"hvaler_tillegg"},"geometry":{"type":"LineString","coordinates":[[10.92221865109106,59.0815180378579],[10.922150354389872,59.081519484281486],[10.922080423844275,59.081519980102165],[10.921975095458968,59.08149643364581]]}},{"type":"Feature","properties":{"source":"hvaler_tillegg"},"geometry":{"type":"LineString","coordinates":[[10.91795052696462,59.07880417131314],[10.917808912077305,59.07876859812421],[10.91771798132234,59.078762135681885],[10.917641834663058,59.07874885617869],[10.917569218020486,59.07873820546223],[10.917367813710221,59.078751548223394],[10.917260066993816,59.078788073406585],[10.91708322810485,59.078890035296894],[10.916917243628507,59.07902407851471],[10.916863525843233,59.07904396428522],[10.91681797656446,59.07904657446161],[10.916805564889632,59.07904078839181],[10.916806840329716,59.079024194649165],[10.916910413779165,59.07892145202852],[10.916913515164435,59.0788821677968],[10.91666586943446,59.078761519623264],[10.916478473006489,59.07863656645247],[10.916475692481395,59.07863351165142],[10.916384168856544,59.07847201908593],[10.916332830860977,59.0784146542394],[10.916299503104849,59.07839822827915],[10.916240524448522,59.07838746730648],[10.915587899772087,59.078349984974146],[10.915534735243424,59.078332933260945],[10.915429096727696,59.07827835130454],[10.915428443326915,59.078277971045644],[10.915347100333785,59.078255534947594],[10.915194970488217,59.07823644098365],[10.91514759095712,59.07822361764984],[10.915117208380584,59.07820152980114],[10.915096231348366,59.07815618128612],[10.915090271941743,59.07802867603941],[10.915073125958653,59.077993698464915],[10.915008272404759,59.07796773609138],[10.914839705376526,59.077950281180705],[10.914791379447415,59.07792340137107],[10.914790526610629,59.07788947713445],[10.914861966644636,59.077799928873134],[10.915034381085828,59.07770286559373],[10.915126460175992,59.077604257505726],[10.91517391517215,59.07759442508294],[10.915226436658525,59.07759778986424],[10.915294901846288,59.07761541418772],[10.915432295563729,59.07768052855908],[10.91561594842559,59.07773118689682],[10.915794827891304,59.07774123345237],[10.915962771342917,59.07778887833615],[10.916132243709411,59.07780752920722],[10.916482189811852,59.077865407610275],[10.91673709991605,59.07792199732485],[10.916803208399797,59.07794476149236],[10.917026065125993,59.07805644597705],[10.917138122886465,59.07809819152645],[10.917243700239442,59.07812246935818],[10.917384591229876,59.07813913863878],[10.917634849408122,59.078168785743514],[10.917785442732848,59.07819933727962],[10.91785852709217,59.07824129243037],[10.917903915583903,59.07832814047096],[10.91790544266669,59.07835642134223],[10.917859585431756,59.078449744573575],[10.917907637628469,59.07853622699166],[10.917912257964527,59.07862367831734],[10.917938441711696,59.07871046054307],[10.91795052696462,59.07880417131314]]}},{"type":"Feature","properties":{"source":"hvaler_tillegg"},"geometry":{"type":"LineString","coordinates":[[10.929338340293878,59.100334445164805],[10.92928588200401,59.1002963826326],[10.929057261922349,59.10013014507606],[10.928975083590311,59.10009510482119],[10.928902104594655,59.10008121323257],[10.92863393151546,59.10009211849563],[10.928409601808408,59.100091453482854],[10.928189725453608,59.100119520198206],[10.928160180363967,59.10011517509036],[10.927995788424695,59.10009103753024]]}},{"type":"Feature","properties":{"source":"hvaler_tillegg"},"geometry":{"type":"LineString","coordinates":[[10.927700389131578,59.10010603045046],[10.927555753668885,59.10013187520791],[10.927493605570918,59.100143049166626],[10.927411747333176,59.100145061913814],[10.927289716459063,59.10013214523836],[10.927186310151264,59.100121342366684]]}},{"type":"Feature","properties":{"source":"hvaler_tillegg"},"geometry":{"type":"LineString","coordinates":[[10.926300783301087,59.10123027042575],[10.926292989109825,59.10122526002346],[10.926281221883311,59.10121985497757],[10.926270808990871,59.101216290760405],[10.926252080487686,59.10121210546182],[10.9261727252552,59.10119891102773],[10.926132538369917,59.10118703789384],[10.926102152058943,59.1011735847098],[10.926072802826587,59.10115728692048],[10.925968007248134,59.10109195241233],[10.925951685819726,59.10107633393448],[10.925889109980462,59.10100576315392],[10.92586395001381,59.1009689171274],[10.925850197356736,59.1009331490625],[10.92585020799913,59.10093305948449]]}},{"type":"Feature","properties":{"source":"hvaler_tillegg"},"geometry":{"type":"LineString","coordinates":[[10.92564749905794,59.10096220127994],[10.925848783054187,59.100933284419526],[10.92585020799913,59.10093305948449]]}},{"type":"Feature","properties":{"source":"hvaler_tillegg"},"geometry":{"type":"LineString","coordinates":[[10.92585020799913,59.10093305948449],[10.92584508518347,59.10090556497874],[10.925850507136996,59.100849629982704],[10.925840554997652,59.10077010405348],[10.925831351668844,59.100754889187954],[10.925807958330836,59.10071935746798],[10.925770394297121,59.100670702500935],[10.925758067402686,59.100655299503316],[10.925670727275808,59.100581342466384],[10.92557382338458,59.10049962188952],[10.925551534884614,59.10047833105056],[10.925501528559456,59.1004196640987],[10.92545601810799,59.10034522396013],[10.92543229631435,59.100280100570146],[10.925428116468598,59.10023878914291],[10.925442546509228,59.100161468466204],[10.925459303533863,59.100099865761216],[10.92550743512377,59.099969837073246],[10.925547521134778,59.09987516078718],[10.925591804148313,59.09978340375682],[10.92563625423569,59.09969318048374],[10.925676157442384,59.099611805491186],[10.925722898445462,59.09953613016537],[10.925782375343013,59.0994459297877],[10.925828406932661,59.099361510600986],[10.925875759682976,59.09927479521437],[10.925926667195885,59.099178750758945],[10.925979906581714,59.09908808445171],[10.926047207764924,59.09897025707731],[10.926084921786497,59.0989293637499]]}},{"type":"Feature","properties":{"source":"hvaler_tillegg"},"geometry":{"type":"LineString","coordinates":[[11.025418677257163,59.03073185475217],[11.025298622862616,59.03085008281075],[11.025258699603805,59.030871063931606],[11.02522413589542,59.03088339867091],[11.02515148545501,59.030884224226384]]}},{"type":"Feature","properties":{"source":"hvaler_tillegg"},"geometry":{"type":"LineString","coordinates":[[11.019986572301445,59.0317031507741],[11.019923973176946,59.0317527430507],[11.019742714347739,59.03190378869819],[11.01967448010483,59.031985484606274],[11.019469528286828,59.03214380306372],[11.019438529300828,59.03217503677666],[11.019407257743286,59.032204104302544]]}},{"type":"Feature","properties":{"source":"hvaler_tillegg"},"geometry":{"type":"LineString","coordinates":[[10.923024238666503,59.05679179000716],[10.922995155002576,59.056775049464854]]}},{"type":"Feature","properties":{"source":"hvaler_tillegg"},"geometry":{"type":"LineString","coordinates":[[11.036185722080189,59.02495844204312],[11.036029457768814,59.02482544741868],[11.035903866600107,59.02470472054459],[11.035843344957211,59.02459587670488],[11.035786247787305,59.024380147893666],[11.03575554059271,59.024176016389596]]}},{"type":"Feature","properties":{"source":"hvaler_tillegg"},"geometry":{"type":"LineString","coordinates":[[11.051037398204494,59.03831293671154],[11.0511346859231,59.03830125000088],[11.051252101397585,59.038270757440394]]}},{"type":"Feature","properties":{"source":"hvaler_tillegg"},"geometry":{"type":"LineString","coordinates":[[11.079145650411066,59.013761544131896],[11.079333820928753,59.01378226058605],[11.079443283886883,59.013780812615785],[11.07964570558557,59.013771302752744],[11.079826567151052,59.013772017858955],[11.079910403074619,59.01378130088652],[11.080068991092832,59.01380309786562]]}},{"type":"Feature","properties":{"source":"hvaler_tillegg"},"geometry":{"type":"LineString","coordinates":[[11.064740208918384,59.0165225053551],[11.064743219749992,59.0165358131117],[11.06474445455068,59.0165417844642],[11.064725202007484,59.016572935726806],[11.064689311835064,59.01660474973382],[11.064649540319156,59.01662934310513],[11.06460896339758,59.016647258923285],[11.064535650568812,59.01667397879107],[11.0644648825736,59.01669978705844],[11.064210251195938,59.01680127761066],[11.064056374818014,59.016866274005565],[11.063987402939711,59.01689771083795]]}},{"type":"Feature","properties":{"source":"hvaler_tillegg"},"geometry":{"type":"LineString","coordinates":[[11.037644073723966,59.03560029744592],[11.03765308724307,59.03563258036511],[11.037696235797494,59.03569863451313],[11.037765503866941,59.03575146270496]]}},{"type":"Feature","properties":{"source":"hvaler_tillegg"},"geometry":{"type":"LineString","coordinates":[[11.03497180031367,59.02499983161586],[11.034721920841744,59.02502094532381],[11.034406145830394,59.02503734198405],[11.034002867470827,59.025056450554686],[11.033667564322386,59.02507584322512],[11.033349792272977,59.02507779090642],[11.033191321868198,59.02507742858158],[11.032942909914988,59.025084288565346]]}},{"type":"Feature","properties":{"source":"hvaler_tillegg"},"geometry":{"type":"LineString","coordinates":[[11.03262836006608,59.025620743943755],[11.032616126986227,59.025593756252114],[11.032612076047863,59.02557142488313],[11.032615933059452,59.02554403141244],[11.032631717238562,59.025509990818435],[11.032760229132005,59.025336183440636],[11.032883054209583,59.02517236117541],[11.032942909914988,59.025084288565346]]}},{"type":"Feature","properties":{"source":"hvaler_tillegg"},"geometry":{"type":"LineString","coordinates":[[11.032988915843907,59.022895010907234],[11.033162243270658,59.02291614824431],[11.03354948168538,59.02296335242222],[11.033761577408635,59.022994578137045],[11.033861395435316,59.02300599902949],[11.033903850278103,59.02300981768704]]}},{"type":"Feature","properties":{"source":"hvaler_tillegg"},"geometry":{"type":"LineString","coordinates":[[11.035714989478306,59.02405276971142],[11.035693940530438,59.02403720023365],[11.035660893681193,59.0240107440173],[11.035575901435479,59.023956892943204],[11.035448068556242,59.023878353348366],[11.035286425530046,59.023789067711746],[11.035000539436362,59.02362189121511],[11.034706568472929,59.02345680387593],[11.034489748567525,59.023328874352366],[11.034276635693196,59.02320510387976],[11.034154934403208,59.023132414977105]]}},{"type":"Feature","properties":{"source":"hvaler_tillegg"},"geometry":{"type":"LineString","coordinates":[[11.032988915843907,59.022895010907234],[11.032986807147218,59.022855836461105],[11.032973479525642,59.022821712528575],[11.032956810222245,59.022795398014374],[11.032884415337598,59.02270192234765]]}},{"type":"Feature","properties":{"source":"hvaler_tillegg"},"geometry":{"type":"LineString","coordinates":[[10.998795206261045,59.03628323969556],[10.998895723282523,59.03643730471083],[10.99892468563119,59.036627638812014],[10.998942660146675,59.0367519994858],[10.9989495094123,59.03685353892987],[10.998950054776818,59.03700775013199],[10.998922122635745,59.037106865739716]]}},{"type":"Feature","properties":{"source":"hvaler_tillegg"},"geometry":{"type":"LineString","coordinates":[[11.012440840520414,59.038602333326594],[11.012491364155865,59.03863149173468]]}},{"type":"Feature","properties":{"source":"hvaler_tillegg"},"geometry":{"type":"LineString","coordinates":[[11.002484835499544,59.037484789736645],[11.002505942246453,59.037421786013354],[11.00253583247749,59.03737325919466],[11.002581234436168,59.037324851807846],[11.002621715933751,59.03729175679855]]}},{"type":"Feature","properties":{"source":"hvaler_tillegg"},"geometry":{"type":"LineString","coordinates":[[10.853306835179573,59.08279491519539],[10.853433996938511,59.08260854277407],[10.853479419783417,59.082505873484045],[10.853479685876206,59.082385123996985],[10.853412869575893,59.08224559237702],[10.853416109181332,59.08213204148976],[10.853441292803295,59.0819944660491],[10.853484283460336,59.08180782670627],[10.853464257542642,59.081635265033704],[10.853335587688594,59.08143081149996],[10.853426721075877,59.08116523808695],[10.85348158317424,59.08097286448282],[10.853557782029606,59.0807253357186],[10.853655080428613,59.080573524252216],[10.85377270255831,59.08045590223421],[10.85390342677771,59.08033537262703],[10.854115796009049,59.080277880318626],[10.854217949633448,59.080228998571364],[10.85425146338069,59.08016991711458],[10.854236354933649,59.080005785328446],[10.85428519318783,59.079896481436045],[10.85445675906631,59.07982680266114],[10.854699600271157,59.07979321352444],[10.855093260369923,59.07974889504779],[10.855303758494369,59.07968225945303],[10.855386407948666,59.07956342705836],[10.855431366022076,59.07941389588093],[10.855494791405798,59.079267653139084],[10.85558580297493,59.07915043698049],[10.855793876163105,59.079041642159524],[10.856142423102218,59.07889202363322],[10.856460815894188,59.07874908242584],[10.856688612808583,59.078691000749686],[10.856887380692248,59.07864331954676],[10.857194765687622,59.078488784954764],[10.857432655459007,59.07839047256151],[10.857575674440614,59.078308277629404],[10.85783386209674,59.0781459638611],[10.858022891331139,59.07796183612488],[10.858198661319394,59.07783546002827],[10.858546618501142,59.07765434588975],[10.859065740338847,59.07739508146536],[10.85944569844253,59.07719475708478],[10.859584864663868,59.07716323966993],[10.85971541223329,59.077180001394225],[10.859781362505379,59.07720521818075],[10.859887932390624,59.07727741089908]]}},{"type":"Feature","properties":{"source":"hvaler_tillegg"},"geometry":{"type":"LineString","coordinates":[[10.869883358954661,59.07790621485064],[10.86981736121249,59.077916158943275],[10.869802033890545,59.07799272796913],[10.86981826656942,59.07805088162372],[10.869753832864847,59.07811023932008],[10.869688248767648,59.07815157714904],[10.869623464790756,59.078260287375485],[10.869574428617394,59.07831941670866],[10.869411683588018,59.07837563895679],[10.869167127183342,59.078410639156125],[10.869036272889694,59.0784529520579],[10.868693094249117,59.07852077209077],[10.8685137716179,59.07846946463347],[10.868398957492264,59.07838577700247],[10.868218886071134,59.078302974680476],[10.868006356388726,59.078243144099545],[10.867778117579757,59.07821949762725],[10.867467406892109,59.078120657176946],[10.867271216933966,59.07804264419214],[10.867010014811164,59.07799249828743],[10.866862607760735,59.07796774301471],[10.866682814819738,59.07795229434926],[10.866421631831301,59.07794261000969],[10.866193013399883,59.07792794015694],[10.866062140318496,59.077929787307056],[10.865850374805241,59.077946316111635],[10.86565456418332,59.07795364295633],[10.865556498503203,59.07797748728834],[10.865376398741386,59.0779935875176],[10.865229717265919,59.0779642678073],[10.865164519449216,59.07794726029095],[10.864919172872774,59.077869922148],[10.864657220359254,59.07774340872033],[10.864428474719208,59.07767037612755],[10.864215443380317,59.07756115916328],[10.864003294164462,59.077451880073994],[10.863709199656709,59.07735733733834],[10.863513118754469,59.07730171097862],[10.863283664772672,59.077233149431315],[10.863103601123582,59.077150429770334],[10.862891645424362,59.07708161717384],[10.862613375633197,59.077058700993945],[10.862302798645905,59.07702270328636],[10.861976668622567,59.0769824314085],[10.861470269498348,59.076958248001155],[10.861192907866362,59.076926366122905],[10.860948013110015,59.07691638181594],[10.860767659657991,59.076909988390234],[10.860637533415089,59.07694332454006],[10.860506921253712,59.076967653406406],[10.860409278798077,59.07701839234702],[10.86027852073417,59.077078682839925],[10.86018119661077,59.07713401752704],[10.860129460556156,59.07716617231583],[10.860099820941052,59.077184556883296],[10.860018122677204,59.07722618416821],[10.859887932390624,59.07727741089908]]}},{"type":"Feature","properties":{"source":"hvaler_tillegg"},"geometry":{"type":"LineString","coordinates":[[10.849698856129882,59.08674269706607],[10.849889859003222,59.08680735249068],[10.850134739688869,59.08687580177808],[10.850379614480602,59.086908193777674],[10.85055986330267,59.08691010144949],[10.850707361636589,59.08695744675349],[10.85078944084166,59.087041540450784],[10.85098569895894,59.087187017803075],[10.851459947300146,59.0872789059613],[10.851753265891789,59.08727481198071],[10.852080029518065,59.08718483889228],[10.852242581593947,59.0870657791268],[10.852389517220788,59.08691546766542],[10.85250299893502,59.08681497774149],[10.852568028117515,59.086706282562695],[10.852600655611433,59.08656211186714],[10.852583623921696,59.0864096074457],[10.852485191904364,59.08630323152035],[10.852435210946012,59.08616459822367],[10.852319650926097,59.08592387774734],[10.85231906600594,59.085730718056716],[10.852301850447448,59.08553783509047],[10.852318039428411,59.08530852650993],[10.85243140355929,59.085064436090995],[10.852463151923583,59.08496510568981],[10.852527933244875,59.08478905508282],[10.8526251902938,59.08463049903418],[10.852689652074794,59.0844498523921],[10.852705247077779,59.08423410220256],[10.85278630744887,59.084057763488936],[10.852785964287264,59.08393195912821],[10.853085253548954,59.08340986439542],[10.853245888066958,59.083004357959226],[10.853306835179573,59.08279491519539]]}},{"type":"Feature","properties":{"source":"hvaler_tillegg"},"geometry":{"type":"LineString","coordinates":[[11.07863068169535,59.004988975615504],[11.07859193940768,59.004966493619946]]}},{"type":"Feature","properties":{"source":"hvaler_tillegg"},"geometry":{"type":"LineString","coordinates":[[11.0211180828204,59.02544626031475],[11.021044769641248,59.02536245936319],[11.02099101851495,59.02531306535027],[11.02096649473815,59.02529441954352],[11.020925346190113,59.025271756113526],[11.020887757312446,59.025260530559706],[11.020798471174341,59.02523944374556],[11.02071781361958,59.025217633214616],[11.020620738729678,59.025190013187476],[11.02051256802991,59.025152791314774],[11.020372955399734,59.025102464786976],[11.020281514717443,59.02508041225883],[11.02021528144258,59.02507109271178],[11.020161183598447,59.02506691149592],[11.02004356268978,59.02505259489272],[11.020001679631333,59.0250423158965],[11.019897100442215,59.0250162626625]]}},{"type":"Feature","properties":{"source":"hvaler_tillegg"},"geometry":{"type":"LineString","coordinates":[[11.016581646283994,59.028075514532],[11.016497733085462,59.02800648923909],[11.016485363986066,59.02798830662992],[11.016461039848998,59.02784145673122],[11.016441628094537,59.02770941310766],[11.016448684156098,59.02762439714773],[11.01646070231628,59.02750707700105],[11.016462547041625,59.02746253921941]]}},{"type":"Feature","properties":{"source":"hvaler_tillegg"},"geometry":{"type":"LineString","coordinates":[[11.081766976383818,59.01313295214227],[11.08179094363913,59.01310616699473],[11.081816085442274,59.01307672025853],[11.081838201997638,59.013044754462065],[11.081856027874993,59.01301832274977],[11.081874364355315,59.01299046801579],[11.081889114292274,59.01296349362297],[11.08190462026674,59.012936002693316],[11.08192194464958,59.012906319200845],[11.081937358772599,59.01287963463304],[11.08195468309704,59.01284995113532],[11.08197238541955,59.01282000936725],[11.081988269930877,59.01279531695309],[11.082006697974563,59.01276665583057],[11.082023583601462,59.01274082496248],[11.082042031983761,59.012711984641484],[11.082059561416392,59.01268662279158],[11.082087687063066,59.01266005343001],[11.082119011897424,59.01263753676803],[11.082153371750653,59.01261592115147],[11.082194730117115,59.01258948276365],[11.082223735676894,59.01256896366607],[11.082252004215745,59.012542668315255],[11.082278238471616,59.01251280505833],[11.082300856305494,59.01248714773613],[11.082323913318774,59.01246069456284],[11.08236459521329,59.01242641389485],[11.082375475569133,59.012416584073186],[11.08240413242385,59.012391469218535],[11.08242990819107,59.01236869455847],[11.082455305903805,59.012346178161955],[11.08248690486635,59.012318185507404],[11.082516767691335,59.01229472543931],[11.082552157980837,59.0122686456715],[11.082587170547942,59.012244352560806],[11.082628150111654,59.012218172294375],[11.082668925308068,59.01219225554361],[11.082706512799637,59.01216831008261],[11.082745704433837,59.012144053560526],[11.082782536147256,59.01212215301418],[11.08281985835686,59.012100537024345],[11.082858467878827,59.01207833066421],[11.08289019116904,59.012059961533794],[11.082908663205407,59.01204928265919],[11.082927308941535,59.01203860904117],[11.082960738313197,59.012019032876694],[11.082994137056788,59.01199972549233],[11.0830333286649,59.01197699727648],[11.083078834246848,59.011950864000944],[11.083115941214356,59.01192807264962],[11.083151871442341,59.01189877249548],[11.083178483926494,59.01187476436157],[11.083209366626496,59.01184692967495],[11.083235774731397,59.01182318505865],[11.083267648238456,59.011794301494064],[11.083296038441977,59.01176998753652],[11.083331182898098,59.011746057856406],[11.083372643185216,59.011726365095505],[11.08341586168712,59.011709602510955],[11.083460511773128,59.011697108789406],[11.083510536629237,59.01168486766226],[11.083559468217898,59.01167304294712],[11.08360731673691,59.01166154504875],[11.083673300775242,59.0116438532256],[11.083728444208056,59.011629519332125],[11.083788573789164,59.0116142574843],[11.083839762999213,59.01160097261794],[11.083890737684568,59.01158804085898],[11.083940506562401,59.01157498267748],[11.08398277574404,59.01156349557678],[11.084033218586173,59.01154910918465],[11.084078614050432,59.011536188293455],[11.084125653990279,59.01152106953396],[11.084178057211824,59.01150170773928],[11.084220170364178,59.01148086571557],[11.084260433404541,59.01145789986706],[11.084299009844369,59.01143290504949],[11.08433257883567,59.01140596056707],[11.084357494659734,59.011384598013905],[11.084385280225293,59.01135792800678],[11.08440766127783,59.011334331008534],[11.084429521175494,59.01131071823424],[11.084451595520754,59.01128675232682],[11.084474691260683,59.01126146875251],[11.084503568531376,59.0112297970808],[11.08452765503866,59.011203464622795],[11.084557431762033,59.01117307883264],[11.084585504138563,59.011150013670026],[11.084620320915953,59.01112895071233],[11.084657488898584,59.01111173491282],[11.08470234115891,59.01109592041748],[11.084744026783694,59.01108342646821],[11.084791975114694,59.01106797535343],[11.084839994291782,59.01105036864491],[11.084886521400223,59.011032087431985],[11.084929513182129,59.01101423865035],[11.084972892639303,59.01099451358109],[11.085011376778096,59.01097185330746],[11.085047775469576,59.01094607314638],[11.085080925107507,59.01092127351981],[11.085110855809917,59.01089565724094],[11.085134298208091,59.01087038405225],[11.085159516991927,59.01084021983662],[11.085178014035865,59.01081551623733],[11.085192964675256,59.010788277888906],[11.085199547333321,59.01076258443102],[11.085197834190875,59.01070715110355]]}},{"type":"Feature","properties":{"source":"hvaler_tillegg"},"geometry":{"type":"LineString","coordinates":[[11.104807105769238,59.01860857376461],[11.10481010888874,59.01860668627962],[11.104830303867699,59.01859461774387],[11.105014835052303,59.01856466042143],[11.105069717481745,59.01855264703626],[11.1051053975874,59.01854239313281],[11.10513271745672,59.01853206738232],[11.105146988566261,59.01852458539886],[11.10525481308187,59.01845608754647],[11.105310411315184,59.018410022015374],[11.105335706242746,59.01838677901285],[11.105402101634331,59.01831154993627],[11.105443231762168,59.018270083508995],[11.105463422257673,59.01825342964641],[11.105492287239624,59.01823407003352],[11.105588868044983,59.01817710083973],[11.105615281517325,59.0181593755934],[11.105661995463809,59.01812248245179],[11.105689238980219,59.01809588168464],[11.105726176940092,59.01805294045071],[11.10576280103274,59.01800198831271],[11.105814443879693,59.017923078523125],[11.105828408735832,59.017893650698596],[11.105829358290293,59.017869854737],[11.105824257177456,59.01784560696692],[11.105814040456938,59.017826509571435],[11.105791871787513,59.017802107758556],[11.10574389467299,59.0177515763061],[11.105707459336081,59.01771613644256],[11.10568684105763,59.01769960291141],[11.105660073492643,59.017686570364624],[11.105620623972557,59.0176746844904],[11.105533688872166,59.01765876219182],[11.105459356054125,59.017643938372316],[11.105433093633193,59.01763568588886],[11.105378426438774,59.017611924107136],[11.105322437656557,59.017584436459956]]}},{"type":"Feature","properties":{"source":"hvaler_tillegg"},"geometry":{"type":"LineString","coordinates":[[11.095516427742652,59.017465660301696],[11.09516029593285,59.017310167185215],[11.095087295122216,59.01727442975785],[11.094997903684346,59.017241793803386],[11.094921829865537,59.017228529557165],[11.094759719997068,59.017205296431776],[11.094686114482618,59.01720100708471],[11.094622585014394,59.01719549344008],[11.094560265065105,59.01719621968082],[11.094484507017086,59.01719860808533],[11.094394895653592,59.017209388934866],[11.094362380141487,59.017216319069036],[11.094359857125779,59.01721858042998],[11.094357354448166,59.017220662595804],[11.094301701806483,59.01731931616006],[11.094234497514496,59.017467518016396],[11.094222333297465,59.01749942655243]]}},{"type":"Feature","properties":{"source":"hvaler_tillegg"},"geometry":{"type":"LineString","coordinates":[[11.019414090608658,59.03236507034853],[11.019428358586971,59.03245577703236],[11.019486779604877,59.03258092792277],[11.019592232291776,59.032794016950916],[11.019690576934039,59.03302181202041],[11.019735732744413,59.03310034198114],[11.019778897786686,59.03319607307046],[11.019823833774648,59.0332780127416],[11.019857276053703,59.03336733103159],[11.019843348696076,59.0334062825088]]}},{"type":"Feature","properties":{"source":"hvaler_tillegg"},"geometry":{"type":"LineString","coordinates":[[11.014974730680418,59.031709141571625],[11.015051644140103,59.03176185857382],[11.015059428466094,59.03176542487378],[11.015128593062094,59.03178868298692],[11.0152259590431,59.031821440586135],[11.015312308684905,59.031851431399],[11.015361839899143,59.03187102800029],[11.01536763214194,59.03187372377121],[11.015433313214357,59.03190145978954],[11.015486380420842,59.03191613033494],[11.015535743641347,59.03192664094351],[11.015546186917435,59.03192983953198],[11.015556282600588,59.03193302741824],[11.015649869515835,59.031975827985804],[11.015701123386458,59.031998624278096],[11.015794350503047,59.03203098428236],[11.015802809400705,59.03203475111839],[11.015813167046238,59.03204019475804],[11.015861626648842,59.03208259490035],[11.015865027308084,59.032084857389876],[11.015871574445342,59.03208856536822],[11.015931145114152,59.03210883043104],[11.015980179063531,59.032126703213514],[11.016003587124802,59.032135425644356],[11.016021003013329,59.03214468287885],[11.016030193387202,59.0321511694679],[11.016097379167212,59.03220808176413],[11.016105345240746,59.03221309212574],[11.01611777555731,59.032220217892146],[11.016128797368378,59.032225951674235],[11.016282354298339,59.03227203629661],[11.016355624550949,59.03229299256707],[11.016382949813202,59.03230102632368],[11.016513959880744,59.032361071716686],[11.016655670757597,59.032423604120986]]}},{"type":"Feature","properties":{"source":"hvaler_tillegg"},"geometry":{"type":"LineString","coordinates":[[10.995523544462866,59.02961210351301],[10.99525107773976,59.02944920760107],[10.995215182767767,59.02942795706845],[10.995195362137093,59.029413947180025],[10.995186107263812,59.0294020624511],[10.995196006773266,59.02926462747074],[10.995201572358205,59.029183881166624],[10.995209326038474,59.02912927632768],[10.995205696800202,59.02908106243934],[10.995194684130029,59.0290558167069],[10.995170906014833,59.029024871264404],[10.995110420602174,59.028966176620784],[10.995066376759144,59.02893253606641],[10.995043324142834,59.028919325219825],[10.995021122859992,59.028909287548316],[10.99500139949792,59.0289019339354],[10.994973623345718,59.02889334209416],[10.994898263711766,59.02887851239137],[10.994756583713864,59.02886109058206],[10.994649429821967,59.02884671524382],[10.994617191015402,59.0288405026665],[10.994592709937535,59.02883057417458],[10.994501813481877,59.02878891985603],[10.994469026070657,59.02877693604981],[10.994451148254319,59.02877170739218],[10.9943680429253,59.028747017301264],[10.994279682303041,59.02872701959804],[10.994220727022615,59.02872258731394],[10.994182026984596,59.02872093982679]]}},{"type":"Feature","properties":{"source":"hvaler_tillegg"},"geometry":{"type":"LineString","coordinates":[[11.017993961930733,59.0252175480931],[11.018024169625829,59.02517954733191],[11.018051868374652,59.025113507867744],[11.01806812742406,59.0250543989577],[11.01806828635476,59.02500180747137],[11.018079564207556,59.02496915814894],[11.018110082696962,59.02492846968661],[11.018173382965253,59.024832057787705],[11.018218076141011,59.024768339396736],[11.018288174230088,59.024634285219086],[11.018368642646081,59.024552247390176],[11.018411552336127,59.02452200987243],[11.018493951523643,59.02447752315304],[11.018604279083215,59.024431288340594],[11.018714947002586,59.02440169694845],[11.018891910977286,59.02437935979934],[11.01903895441788,59.02435790009345],[11.019416956402045,59.02431765148302],[11.019444845867643,59.024314733255196]]}},{"type":"Feature","properties":{"source":"hvaler_tillegg"},"geometry":{"type":"LineString","coordinates":[[11.027638877296965,59.03147361009414],[11.027825605391527,59.03151044942474],[11.02810616365648,59.03157300473488],[11.028170244921847,59.031604101489854],[11.028249378403068,59.03164078488935],[11.028369191334543,59.031678626702444]]}},{"type":"Feature","properties":{"source":"hvaler_tillegg"},"geometry":{"type":"LineString","coordinates":[[11.035475297752278,59.03280933171769],[11.035253376230036,59.03281287294008],[11.034955609673046,59.03281768649828],[11.034711222715737,59.032814874367226],[11.034504847649814,59.03281367598869],[11.03435907252617,59.032811816718045],[11.034118640069218,59.03281101269081],[11.034033252721475,59.0328148695023],[11.033870022102569,59.03282371321728],[11.033706880688504,59.03283480714854],[11.033647958653685,59.03283452984581],[11.033582853812065,59.03283190525346],[11.033457129258384,59.032821039349976],[11.033343928172005,59.03280291501414],[11.033277483704886,59.03279224744133],[11.033100772482655,59.03276372503115],[11.032890794325747,59.03273328359662],[11.032674959959095,59.032693132099894],[11.032608035853988,59.03268208984178],[11.03243518049849,59.03265341497662],[11.0322877100334,59.03263450885619],[11.032094745583878,59.032604767502086],[11.031963612469312,59.03257880964618],[11.031848860428177,59.03255146584598],[11.031631010720838,59.03250612603619],[11.031418560383724,59.03246841374369],[11.031299491163775,59.032443724194266],[11.03117859891361,59.032413674078505],[11.03109582585114,59.032388838670244],[11.031005664084804,59.03236152892647],[11.030983898902644,59.03235214041132],[11.030888514043017,59.032308127401315],[11.030772729728401,59.03225045208178],[11.030628654722506,59.032177973291894],[11.030444865873164,59.03208539564346],[11.030419902209598,59.032075009847674],[11.030406095188546,59.03207072033215],[11.030400034831814,59.03206882620412],[11.030284425393363,59.0320504454241],[11.030146743351445,59.03203138748699],[11.03001959722431,59.03201624889573],[11.029877675913626,59.031994633119865],[11.029816009509558,59.03198339102623],[11.02972212780005,59.031964147830166],[11.029639274148119,59.031940028235915],[11.029526191619947,59.031905810619236],[11.02935178670434,59.03185586574571],[11.02920500204983,59.0318174670745],[11.029085845695882,59.0317920534746],[11.029018812831378,59.031780466517496],[11.028848419026588,59.03175923466874],[11.028685937438922,59.031738964643004],[11.028547316173439,59.03172050549413],[11.028502991326741,59.031708626105576],[11.02839156162945,59.0316857865563]]}},{"type":"Feature","properties":{"source":"hvaler_tillegg"},"geometry":{"type":"LineString","coordinates":[[11.021016237360906,59.034160982610835],[11.020898009289521,59.03412300291224],[11.020826708853514,59.03410004202535],[11.020780227279635,59.034081170764935],[11.020697122011166,59.03404265238405],[11.020591326682212,59.03398617393697],[11.020523492677283,59.033937785541674],[11.020484717107438,59.03390206855877],[11.020435508415828,59.03384346381812],[11.020352583034992,59.033718998530915],[11.020270568745968,59.03359420156053],[11.02022908934759,59.033542667416924],[11.020202930851687,59.03352001535847],[11.020170424505846,59.033496448829915],[11.020130525024857,59.03347346412168],[11.020091142084098,59.033453552161994],[11.020050550948383,59.033441065414124],[11.019993336687604,59.03342752801365],[11.019927367491492,59.03341578924062],[11.019843348696076,59.0334062825088]]}},{"type":"Feature","properties":{"source":"hvaler_tillegg"},"geometry":{"type":"LineString","coordinates":[[10.989940833812376,59.03044001812771],[10.989960638591404,59.03040628628231],[10.990030386757924,59.03035108508731],[10.99009945573254,59.030301706947306],[10.990204351354201,59.030238244106634],[10.99031891487752,59.03018011568136],[10.990410855115567,59.03013800943532],[10.99045580755885,59.03011296873103],[10.990516681242116,59.03007403573323],[10.990574261325142,59.03002744825106],[10.990648783401415,59.029971675382406],[10.990697575418547,59.02993164872412],[10.99075699519159,59.02987675656159],[10.99081298969076,59.02983029968248],[10.990833857252412,59.02981287430831],[10.990851209048417,59.02978670868127],[10.990876615681502,59.029731841662525],[10.990899923128136,59.02969498145964],[10.990922479907843,59.02967652948814],[10.990950819891003,59.029659335588356],[10.990978975621985,59.0296422258847],[10.991001354792976,59.02962529686367],[10.991022874954997,59.029591797843175],[10.991049857767798,59.02954435222122],[10.991082734036084,59.02950320302329],[10.991103171745195,59.02947749260349],[10.991124745293657,59.029455503664536],[10.99115198123316,59.02942982401356],[10.991172949056246,59.02941303106604],[10.991208623280647,59.029389770634346],[10.991236667533904,59.029372117969665],[10.99125957147509,59.02935367670071],[10.991278232366328,59.02933123787548],[10.991297604063988,59.029298211723],[10.991324528779007,59.02926173323707],[10.991352147789645,59.02922977173761],[10.991405483027176,59.0291746908422],[10.991446241171735,59.02913324625607],[10.99147805151879,59.02910123474346],[10.991510238437055,59.02906150265596],[10.991557480494818,59.02900632287954],[10.991593132335701,59.02896678800968],[10.991675564218593,59.02888950148479],[10.991712274912365,59.02885584351233],[10.991762379599532,59.02880452854456],[10.99184869479036,59.02871486475914],[10.991953157998267,59.02860715170561],[10.992070693061232,59.0284920212904],[10.99213120663229,59.02843518444665],[10.992167356347263,59.028404835645446],[10.99221665825863,59.02836788120772],[10.992266949877253,59.02833590243473],[10.992292510737817,59.02832158922391],[10.992353686731082,59.02829498244319],[10.992398790669457,59.028277588146594],[10.99245432407607,59.02826348383637],[10.992510117193065,59.02825613076843],[10.992550968206066,59.02825577745698],[10.992642900849988,59.02826455838757],[10.99275987308509,59.02828445423445],[10.992778949597486,59.028288371610465],[10.992812400292218,59.028296150653524],[10.9929228297344,59.02833328621279],[10.993058653457004,59.0283829861305],[10.993179790190565,59.02843151187468],[10.993316636456395,59.02848142298557],[10.993480834350413,59.02854207081163],[10.993577836028555,59.0285777111396],[10.993643048699244,59.02859879089737],[10.993690995906062,59.028610884609435],[10.993786105463611,59.02862983292599],[10.993847179901017,59.028641523780905],[10.993914318878623,59.028656549179246],[10.993957046154916,59.02866704264409],[10.99398124601645,59.02867039915956],[10.994009018529551,59.02867602409475],[10.994038646805972,59.028683684480484],[10.99413587942517,59.02871285803157],[10.994159012200155,59.02871788976248],[10.994182026984596,59.02872093982679]]}},{"type":"Feature","properties":{"source":"hvaler_tillegg"},"geometry":{"type":"LineString","coordinates":[[11.024886925836793,59.02442412297213],[11.024808531697149,59.02433594252744],[11.024742919497696,59.02428654540744],[11.024658372074944,59.02423350967166],[11.024621414122809,59.02420324408963],[11.024604570044636,59.02414680383757],[11.024573286855901,59.024094595205455],[11.024549402972646,59.024077947732465],[11.02440248030312,59.02402749091172],[11.024304823203895,59.023992842927335],[11.02420400336372,59.02392671978925],[11.024094686195767,59.023876788650355],[11.023987858528091,59.02383700360643],[11.023921006278892,59.023825509117685],[11.023790942933188,59.02381476950581],[11.023598421044683,59.023793749012995],[11.023490041976551,59.023773425917874],[11.023318055033425,59.023739190198626],[11.023209159717236,59.023702218001056],[11.023094544525554,59.02365589929108],[11.022969327064356,59.02360475921454],[11.022868710928918,59.023555004495094],[11.022787957887212,59.02347672997629],[11.022728103542047,59.02337455283776],[11.022654547499831,59.02324911785416],[11.022595701858018,59.023203074306394],[11.02253779127797,59.023133863175524],[11.022464029550259,59.023043395995444],[11.022261676229553,59.02289179431563],[11.022127042919019,59.02281806667484],[11.022034979444426,59.02277882368356],[11.021862542487582,59.02270932806645],[11.021680417567667,59.022639174717064],[11.021513377144094,59.02257730690045],[11.021411631980406,59.02254037309884],[11.021250338248143,59.02249063940643],[11.021023411966329,59.0224234230982],[11.02067769358714,59.02233250369558],[11.020593717775713,59.02230627530532],[11.020430006160359,59.022274447831926],[11.020113509267318,59.022236931978824],[11.019977959612195,59.02224202331332],[11.019841162581379,59.02224734586271],[11.019715962808828,59.02225491307866],[11.019490215299056,59.022277009173266],[11.019351047778523,59.02228171883714],[11.019174972325134,59.02227989840246],[11.019003502706429,59.02228046713803],[11.018954969386115,59.022276456524644],[11.018892329152255,59.022279833892696],[11.018785037798086,59.022280308989195],[11.01866552394607,59.02227339507962],[11.01859898797798,59.0222652340821],[11.018455983242578,59.022235299915025],[11.0183062333828,59.022198864444235],[11.018233475535554,59.02217064205306]]}},{"type":"Feature","properties":{"source":"hvaler_tillegg"},"geometry":{"type":"LineString","coordinates":[[10.989940833812376,59.03044001812771],[10.989817074308286,59.03050370542137],[10.989722597622764,59.03056605228433],[10.989641438547286,59.030617393240846],[10.989527313803988,59.030691179013324],[10.989483357811416,59.03073009640712],[10.989473863829616,59.03075317873056],[10.98947425958137,59.0307707234008],[10.989491712196918,59.030843911351376],[10.989490175178934,59.03087802943306],[10.989486047649958,59.03090145788227],[10.989476634392032,59.03092085640747],[10.989455611546955,59.03094259244495],[10.989429140633943,59.03095570812423],[10.98940485579829,59.030969520914255],[10.989379391371246,59.03098896145984],[10.989366462257774,59.03101607317095],[10.989352423153642,59.03103326040605],[10.989345243991199,59.03107088993515],[10.989349095989258,59.03111263753866],[10.98936167948289,59.03113784260791],[10.98938752768944,59.03117343873982],[10.989452371790733,59.031220133423155],[10.989511410947863,59.03125379108207],[10.98957431254791,59.0312842417431],[10.98962471108888,59.03130225701323],[10.989637388048303,59.03131469776011],[10.98963898431625,59.03132643549478],[10.98964853773183,59.03134920897908],[10.989649961045448,59.031372899352085],[10.989660035014692,59.03138373096802],[10.989670697846353,59.03138801741833],[10.989724277887117,59.03141763968269],[10.989748969134581,59.031437735400665],[10.989774413463062,59.031463338944185],[10.98989632996553,59.03155010343462]]}},{"type":"Feature","properties":{"source":"hvaler_tillegg"},"geometry":{"type":"LineString","coordinates":[[11.012446263623836,59.03700635419978],[11.01239414468766,59.03733390366424],[11.012403058193362,59.03735782422124],[11.012428351891595,59.03738791366012],[11.01249906849611,59.037473077866736],[11.012511330260715,59.037505732784595],[11.012523720068211,59.0375688706376],[11.012534416516564,59.03771880796056],[11.012525902045981,59.037789213758145],[11.012509987774756,59.037807604274626],[11.01248826728863,59.03782491682956],[11.012454329777592,59.03784077410084],[11.012302865083383,59.037902819868215],[11.012263144809156,59.037915891584355],[11.012193675570883,59.037935778871145],[11.012153962782454,59.037950289322644],[11.012144199200003,59.0379547536596],[11.012129619491878,59.03796464394035],[11.012120935758388,59.03798235810271],[11.012122318937104,59.03801404852799]]}},{"type":"Feature","properties":{"source":"hvaler_tillegg"},"geometry":{"type":"LineString","coordinates":[[11.033903850278103,59.02300981768704],[11.033932445938662,59.0230128519207],[11.033966036213329,59.023010375055755]]}},{"type":"Feature","properties":{"source":"hvaler_tillegg"},"geometry":{"type":"LineString","coordinates":[[11.045804425300764,59.025276090424356],[11.045882103969713,59.02532242845945],[11.045922651434333,59.025350459669944],[11.045944511619213,59.02536812002053],[11.045962552771154,59.025381078423976],[11.045977284592478,59.02539096878037],[11.046006806246986,59.0254026596392],[11.046074925607378,59.02542748743703],[11.046110654186464,59.02543676061848],[11.046186338566377,59.02544887290347],[11.046232243766692,59.02545153414933],[11.046273378632883,59.02545018363631],[11.046403251376312,59.02544902683828],[11.046456209138878,59.02545253281976],[11.046503939646067,59.02546055423957],[11.04654281685803,59.02546974367834],[11.046602051147309,59.025485398963994],[11.046797749473981,59.02553965740266],[11.046891792593545,59.02556500696323],[11.046929047052787,59.025583766742955],[11.046965059769127,59.02562091948331],[11.047023415925642,59.02572312803454],[11.047067711266532,59.025782291203335],[11.047131108735364,59.02583304716109],[11.047233005251007,59.02591905373219],[11.047344176556697,59.02600174722937],[11.047518067912394,59.026115306267585],[11.04766588086772,59.02621907789842],[11.04768566674088,59.02625025050049],[11.047741203440273,59.0263284573401],[11.047772472625962,59.026355305481125],[11.047808313953583,59.02637878688274],[11.047852724278043,59.02639902360477],[11.047926580929008,59.02643769140895],[11.048027176350638,59.026506215624615],[11.048050375878848,59.02652589443273],[11.048069699043726,59.026535295392584],[11.048097316887919,59.02653928552433],[11.048134104960074,59.026542386899216],[11.048259493831134,59.02652868409519],[11.048377154077722,59.02651546442651],[11.04842892263123,59.026512639776456],[11.048465219062548,59.02651698473937],[11.04851329551964,59.02652960118714],[11.04859092048461,59.02656128102163],[11.04884290033671,59.02665852186481],[11.048936677884987,59.02670292196672],[11.04907783988384,59.02675686026678],[11.049172948971638,59.02678511762706],[11.049345218191023,59.02682633948081],[11.049568295338918,59.02686551581777],[11.049681140909776,59.02689422431152],[11.04976655472312,59.02692946770737],[11.049822707379427,59.026956805148416],[11.049900995522364,59.02700702517366],[11.050055674562218,59.027102732012025],[11.050050425796128,59.02710895518123],[11.050048800226039,59.0271231108203],[11.050054593529497,59.02714099926188],[11.050129536934891,59.02725072516953],[11.050169659822851,59.027321987082175],[11.050205451720771,59.02737477583154],[11.05026147222865,59.027430609440124],[11.05033323731501,59.02748449606683],[11.05042370753316,59.02755621559638]]}},{"type":"Feature","properties":{"source":"hvaler_tillegg"},"geometry":{"type":"LineString","coordinates":[[10.947840219601156,59.04476219210982],[10.947902808007033,59.044771524165796],[10.947924937831296,59.04477770153899],[10.947931643140572,59.04478150791455],[10.94794244604462,59.04478903903345],[10.94796156601415,59.04480150592114],[10.947975698859052,59.04480743295091],[10.948001916584028,59.04481445757021],[10.948022244606365,59.044821117994616],[10.94804496831895,59.0448326187351],[10.948054259435112,59.04483965296128],[10.948068004793052,59.04485626735934],[10.948076088726706,59.04486614097437],[10.94810463640417,59.04488744457479],[10.94811681473206,59.04489367005417],[10.948137153384447,59.04490024088001],[10.948209823735677,59.044915822547225],[10.948283689355115,59.044973070759696]]}},{"type":"Feature","properties":{"source":"hvaler_tillegg"},"geometry":{"type":"LineString","coordinates":[[10.934646917502572,59.051145982442215],[10.934615370061499,59.05110875701595],[10.934611934916525,59.05110828949104],[10.934609169783673,59.051106584231675],[10.934584172734949,59.051075948287945],[10.934555112974415,59.05104572422888],[10.934548233823563,59.05103453887182],[10.934539874297204,59.051015214899316],[10.93452782270937,59.050985794692416],[10.93451768003862,59.05096974148267],[10.934492439120193,59.050933793020796],[10.934473383860748,59.05090604102385],[10.934462779176952,59.05089536804993],[10.934428626295846,59.050862466458916],[10.934407308979967,59.050844983349464],[10.934363323538797,59.05080520933264],[10.934326819356201,59.05077448168001],[10.934308958449611,59.05075728692819],[10.93426113106907,59.05071901063753],[10.934204179334282,59.05067082712104],[10.934168934953474,59.05063977933395],[10.934158830868038,59.050629301878665],[10.934149091456634,59.050617217450416],[10.934132630073789,59.0505955709993],[10.9341254480334,59.05058842216561],[10.934111122275242,59.050579700277254],[10.934066756466386,59.05056526953271],[10.934033062836892,59.05055504020481],[10.93400783177937,59.05054408762542],[10.933994142239087,59.05053736378148],[10.933977619775076,59.050528033406884],[10.933945908591939,59.050508425504226],[10.933922452405268,59.05049869751653],[10.933872982188895,59.05044481459577]]}},{"type":"Feature","properties":{"source":"hvaler_tillegg"},"geometry":{"type":"LineString","coordinates":[[10.989770287891469,59.03495368706824],[10.989745875058048,59.03487434952501],[10.989718131475518,59.034798145519204],[10.989675774119386,59.03464533513593],[10.98964498282251,59.03452048541074],[10.989618891850828,59.0344091778716],[10.989588372600233,59.034281998898805],[10.989560972552187,59.034211829437254],[10.989555044917061,59.03416992763417],[10.989502483018164,59.034017879860784],[10.98946789773016,59.033889675744554],[10.989447625722152,59.033782324673325],[10.989441695895001,59.033765867251866],[10.989424752875323,59.03375410349344],[10.989408578541006,59.033725280699485],[10.989367190188196,59.03349688606899],[10.989328474010273,59.033393638700176],[10.989312872188437,59.03334046808441],[10.989278016596161,59.033169728186614],[10.989257573438714,59.03306983426605],[10.989379424678194,59.03278032476491],[10.989452161189368,59.03264870317875],[10.98955801099177,59.032399157080384],[10.989566854054884,59.03236670396024],[10.989593117280679,59.03233892650756],[10.98963971153024,59.03230881204301],[10.989692402739102,59.03227726811654],[10.989748350327838,59.03224771318047],[10.98987298443676,59.03217209493908],[10.989889310618356,59.03215623724852],[10.989906294938917,59.03213473563545],[10.9899111270192,59.03211573458631],[10.989875360067737,59.03206796315791],[10.989834724192109,59.03201707382541],[10.989823635839542,59.031986520561624],[10.98981996549922,59.03195367968248],[10.989804528673124,59.031908066653564],[10.989803662748304,59.03187809987511],[10.989819578644521,59.031846315456306],[10.989861533819203,59.03180661665495],[10.989912962967786,59.031739519201096],[10.98989647804438,59.031572765279115],[10.98989632996553,59.03155010343462]]}},{"type":"Feature","properties":{"source":"hvaler_tillegg"},"geometry":{"type":"LineString","coordinates":[[10.916109600483644,59.055050820029024],[10.916141135744661,59.05503661941322],[10.916165800278812,59.0550302942706],[10.916185056352319,59.055025416962046],[10.91620836167314,59.05501877919646],[10.916254553566965,59.0550031526951],[10.916294403626916,59.05498948406032],[10.916322801568842,59.05497671297079],[10.916373159778859,59.05495393485804],[10.916405482654088,59.05494191694738],[10.916434590210603,59.05493492267741],[10.916491044978407,59.05492986993761],[10.916500694237655,59.05492945498202],[10.916519840157841,59.05492844042873],[10.916596107985187,59.054924102484925],[10.91661801131478,59.05492632185765],[10.916638988410321,59.054927522965194],[10.916659688710702,59.05492664733043],[10.916673319762698,59.0549235706325],[10.916688388101615,59.05491721246865],[10.91669397040813,59.0549157700929],[10.916772718824554,59.0549081834872],[10.916798855912264,59.05490415250675],[10.916872714004898,59.054896591431266],[10.916943889147294,59.05488516933627],[10.91697516488844,59.054880491163175],[10.916996074539584,59.05488079095204],[10.917027879082282,59.054883412429156],[10.91705166326819,59.05488155502921],[10.917120914898879,59.0548745678463],[10.917139347474704,59.05487514914689],[10.917159781592886,59.05487651287342],[10.917179644328359,59.054875341002386],[10.917286137059927,59.05485460254704],[10.917294135870295,59.05483723176834],[10.91730910807394,59.05481846245604],[10.917323824776279,59.05480184300635],[10.917328707777878,59.05479012842532],[10.917331085281738,59.054775997084995],[10.917335262001886,59.05475994438857],[10.917347547688209,59.05474028113281],[10.9173601492742,59.05472530333409],[10.917387868620041,59.05470208067081],[10.917418178654659,59.05468496389502],[10.91747742887503,59.0546549130559],[10.917505712506697,59.05464016002181],[10.917520485922699,59.054628937144074],[10.917525368918605,59.05462162831263],[10.917524417091641,59.05458410441942],[10.917531549926718,59.054572550691496],[10.917540400375072,59.054561230952544],[10.917549861315779,59.054555055526556],[10.917568020272187,59.05454618723676],[10.917591232691576,59.05453738838326],[10.917615985344447,59.05453178506212],[10.917630918545306,59.05452803002181],[10.917639105526229,59.05452523112627],[10.91764471608021,59.054522081248166],[10.917652796511444,59.05451577237047],[10.917658254460505,59.054512437853056],[10.917671888738107,59.054506394015405],[10.917692336670953,59.05450029528773],[10.91772234857025,59.05449449813051],[10.917736586297853,59.0544951269037],[10.917750795681382,59.05449746313557],[10.917762861573989,59.05449874273041],[10.917770619193373,59.05449808820907],[10.9177805982799,59.05449489624656],[10.917792035817063,59.05448824364943],[10.917824623860074,59.054473985929704],[10.917844035457914,59.054466325974694],[10.917855874103509,59.054463642207736],[10.917865619012218,59.054462420948994],[10.917896755883971,59.05445890705819],[10.917904715719297,59.05445655055131],[10.917906365880057,59.05445588327535],[10.917911717360061,59.05445344452441],[10.91791799855728,59.05444905699405],[10.917927792519734,59.05442832607887],[10.917938623046306,59.054417967882685],[10.917953258004493,59.05441231522256],[10.917986229512847,59.05440804993808],[10.917999001437442,59.054404856105016],[10.918020329193757,59.054394289401166],[10.9180323061625,59.054390441106584],[10.918047537421906,59.05438858359842],[10.918099430972854,59.05438518463207],[10.918109725847676,59.05438227234203],[10.918126702705798,59.054370129827205],[10.918158584126608,59.054351533908424],[10.918187034069714,59.05433831450646],[10.918224575860446,59.054323493570486],[10.918258292415059,59.054317363529],[10.918290653378476,59.05431235961339],[10.918312687380059,59.05430613097091],[10.918370364531063,59.05428637018906],[10.918413548556225,59.05426813055208],[10.918432282225073,59.05426323645391],[10.918450433985186,59.054260302100744],[10.918541022692416,59.0542514693014],[10.918599179408243,59.05424530045257],[10.918620904937423,59.054246075273916],[10.9186376372587,59.05424480449967],[10.918655412679996,59.05423916085448],[10.918670384583534,59.05423360865262],[10.918689583032313,59.054227740123956],[10.918703018459809,59.05422483688082],[10.918732490634497,59.054220640922416],[10.918772424700704,59.05421947216056],[10.91880137156354,59.054213821013626]]}},{"type":"Feature","properties":{"source":"hvaler_tillegg"},"geometry":{"type":"LineString","coordinates":[[10.93997438086086,59.05136478028617],[10.939915194505787,59.05129998554016],[10.939896524741533,59.05127188687636],[10.939882632867466,59.05124618586086],[10.939873006271469,59.05122574360979],[10.93984973751566,59.05116567177464],[10.939837431657077,59.05115018057554],[10.939821398719074,59.051138168971995],[10.93980384774505,59.05112718870267],[10.93977726726012,59.05111286822018],[10.93974790474878,59.05109846047768],[10.939722586748942,59.05108822562938],[10.939633274438632,59.05105979944474],[10.9395068238695,59.05101483334988],[10.939189646348702,59.050885481066366],[10.939158927907055,59.050875166612244],[10.939125885565918,59.050865318726856],[10.939106913442403,59.05086193631859],[10.939081048162471,59.05086076530857],[10.939048726656141,59.05086253869701],[10.938848260304566,59.05086056588558],[10.93867530155334,59.05085325178579],[10.938639224401758,59.05085283926744],[10.9386122763483,59.05085639954558],[10.938581454528995,59.0508617264459],[10.938351652063682,59.05090270971192],[10.938324102056601,59.050908408940714],[10.938289868916641,59.0509174949735],[10.938226633929164,59.05093717983165],[10.938183257690964,59.05094831668868],[10.938143044674945,59.05095631593786],[10.938116974769068,59.050962780862285],[10.938089202296384,59.05097036122135],[10.938037007780553,59.05098670599609],[10.937998215764962,59.050997447157926],[10.937959602041635,59.05100963250017],[10.937853530341146,59.05103588535513],[10.937811921697975,59.05104240211528],[10.937772853226452,59.05104809944671],[10.93775213718101,59.051053563437925],[10.937731762722722,59.05106056665443],[10.937678549465367,59.051088478014904],[10.937547319039842,59.051138577138296],[10.937519393607417,59.05114597275563],[10.9375011558698,59.05114818772293],[10.937481991366198,59.05114938456899],[10.937397488523219,59.051143765645456],[10.937164036278181,59.051097507248805],[10.937127761224769,59.0510928622215],[10.93696513907974,59.05108667946426],[10.936817422918425,59.05107251258104],[10.936786213381541,59.051064879510456],[10.936672752274573,59.05104144767546],[10.936620539841279,59.0510343241969],[10.936422779290911,59.051018316324836],[10.936381201523004,59.051017191044245],[10.936345103065879,59.051016957044894],[10.936307128116376,59.051017832993296],[10.9362737250782,59.05102136999275],[10.936250585138414,59.051026667748275],[10.936226185675425,59.05103228561198],[10.936206383030312,59.0510344512734],[10.936173458587612,59.05103099010247],[10.936146644769554,59.0510216067002],[10.936067779498549,59.05100078884426],[10.93601160176322,59.05099030378948],[10.935963078989666,59.05098149762033],[10.93593324390957,59.05097552591033],[10.935824355019227,59.05094738157797],[10.935812968288221,59.050947743401714],[10.935784283576286,59.05095565428659],[10.935715721070194,59.05098200403899],[10.935680113031,59.05098942780755],[10.935645234182712,59.050993637611775],[10.935535650531511,59.051005302436614],[10.935504638834306,59.051001901146485],[10.935468925732623,59.05099250793048],[10.935427692918442,59.05097961464061],[10.935404070772812,59.050972758924985],[10.935226957969746,59.050920893024916],[10.93519670894566,59.05090366908529],[10.935170020295807,59.05088880474245],[10.935136559150756,59.05087660494069],[10.93510323815572,59.050867646379594],[10.935067491553252,59.0508614888449],[10.935027457725042,59.05086059142892],[10.934846239448504,59.05086703918881],[10.934820798609037,59.050869656976666],[10.934807365795827,59.050872561923036],[10.934787179646415,59.0508809192863],[10.934773810747664,59.0508906595858],[10.934761493707574,59.05090331011463],[10.934717408915029,59.05097943031483],[10.934661455757766,59.051105708625556],[10.934646917502572,59.051145982442215]]}},{"type":"Feature","properties":{"source":"hvaler_tillegg"},"geometry":{"type":"LineString","coordinates":[[10.919426393899847,59.05546443546055],[10.919420278959342,59.05546154532883],[10.91940745258933,59.055451969906514],[10.919406015209171,59.055450845643065]]}},{"type":"Feature","properties":{"source":"hvaler_tillegg"},"geometry":{"type":"LineString","coordinates":[[10.92979181028566,59.06786994888793],[10.929826047625156,59.06789781895547],[10.929850636293846,59.06792754365567],[10.929854646258216,59.06794232544918],[10.929842236815592,59.06796747060451],[10.929818150530444,59.068011579966566],[10.929815592243392,59.068044947058375],[10.929825856146246,59.06811450238558],[10.929850361991301,59.06819943083487],[10.929852285147286,59.068225925593545],[10.929844211561525,59.06825426405637],[10.929823552115176,59.06829155785582],[10.929806711670077,59.06832609448134],[10.929805345771852,59.06835824027317],[10.929811193940303,59.06840023345738],[10.929829676159873,59.068438757488735],[10.929852500081717,59.068486319326425],[10.929876707793934,59.06851189605696],[10.929907307266538,59.068541000439446],[10.929930003337168,59.06855870724984],[10.929947276289603,59.068580919068154],[10.92995654208223,59.06858966207063]]}},{"type":"Feature","properties":{"source":"hvaler_tillegg"},"geometry":{"type":"LineString","coordinates":[[10.901654969899168,59.09251845999307],[10.901631534588208,59.09257274597818],[10.901582651983585,59.09265428010253],[10.901527693715577,59.092700375735006],[10.901488140658843,59.09275208379274],[10.901474984195163,59.09281101080134],[10.90144955420236,59.09287467462624],[10.901401224667952,59.09292817303585],[10.901343168743518,59.0929650892946],[10.901296372588046,59.09303500052445],[10.901256053539393,59.09306825192631],[10.901206970516888,59.093092953963],[10.901121614692732,59.09312289228382],[10.90108926185528,59.09311872171335],[10.901049430202974,59.09310109716029],[10.900930889281671,59.09305194008141],[10.900881543587767,59.09302034752627],[10.900805991049447,59.09300626821278],[10.900734259940883,59.09298799389563],[10.900653698152674,59.092960268891254],[10.90060304073865,59.09293088256717],[10.900537985909585,59.09290499686753],[10.900435182149346,59.092874769643565],[10.900411770555879,59.09285280910968],[10.90039656962676,59.092823555609115],[10.900371141269629,59.09279946322602],[10.900306543029991,59.092750753686026],[10.900277891945805,59.092747779011845],[10.900213466890857,59.09275464177418],[10.900082601842279,59.09275598521549],[10.900006663981971,59.09273344130235],[10.899911465621228,59.09268052624553],[10.899875226909598,59.09266939891347],[10.899829363840324,59.0926715439997],[10.89975278095355,59.09269240800701],[10.899681406189421,59.09270039926545],[10.89962343208873,59.09269568716035],[10.899582436669514,59.092677575726604],[10.899553174390613,59.09266217340339],[10.899479174027125,59.09265119949325],[10.899426169701389,59.09262830212372],[10.899344504461109,59.092614208279585],[10.899247297348918,59.09258541601462],[10.899185321621749,59.09256448242325],[10.899055600641619,59.09249779605387],[10.898964564317572,59.092464163706865],[10.898837257517375,59.092407983559475],[10.89871254437807,59.09237688151032],[10.898634919044362,59.09237577281081],[10.898528661333922,59.092352537876884],[10.898447401852987,59.09235113418378],[10.898337957658978,59.092339936616305],[10.898265763444561,59.09232847968786],[10.898229932993157,59.09233148132256],[10.89812944764708,59.092346192752416],[10.89805879361707,59.09234962030708],[10.89796079308643,59.09233186135808],[10.89792988764579,59.09233313065291],[10.89785250367719,59.092356305947995],[10.897752162763947,59.09237857445302],[10.897658420557148,59.09237488680797],[10.89751085093334,59.09234350938983],[10.897389920825002,59.09230416381218],[10.89726130196723,59.09228381626384],[10.897175779244025,59.092277151648716],[10.897098111287796,59.0922822447521],[10.897016632290633,59.09229144308065],[10.896955651291236,59.0923133390504],[10.896894552123241,59.09234790915459],[10.89679796256935,59.09237533093799],[10.896703374186652,59.09237287459808],[10.896598662119631,59.09238493338544],[10.89651422870468,59.092396915084315],[10.896459304954362,59.09242367822806]]}},{"type":"Feature","properties":{"source":"hvaler_tillegg"},"geometry":{"type":"LineString","coordinates":[[10.896459304954362,59.09242367822806],[10.896381718648259,59.09245583768307],[10.896318707285916,59.092468407887694],[10.896200105956865,59.092482633924135],[10.89611079874364,59.09247692770314],[10.89601334285814,59.09245316026394],[10.895879441750035,59.0924053999834],[10.895818189716968,59.092368213173685],[10.895761231884304,59.09231120140325],[10.895675728260436,59.09225472388662],[10.89562688387491,59.09222629208603],[10.895643111693886,59.092157841944726],[10.895619046045965,59.09211508954974],[10.89556688961523,59.09207783110588],[10.895504678729766,59.092057427722374],[10.895391324457025,59.09203657282942],[10.895288299141567,59.092024317210864],[10.895220857325004,59.092016965352656],[10.895136012744068,59.09201778374214],[10.895038562275603,59.092020270679555],[10.894979712843096,59.0919995239735],[10.89488071040116,59.0919857770368],[10.894768518655287,59.09196981379645],[10.89471906550882,59.09196545937998],[10.894649960291064,59.091964708170046],[10.894614855853147,59.09196602343676],[10.89452606482478,59.09198667734916],[10.894463728549704,59.09199944786939],[10.894425830694992,59.092002203105736],[10.894380108172866,59.09199733738447],[10.89433530765163,59.091984768231775],[10.894302805813313,59.09196287807597],[10.894218728007193,59.091874075545356],[10.894151973417177,59.09177485241908],[10.894090794026997,59.09168452763978],[10.89400542254371,59.09158318584485],[10.893908410194733,59.0915061115683],[10.893778705440834,59.091471519564486],[10.89374697642581,59.0914431799104],[10.893691574540235,59.091358612722935],[10.893637899588953,59.09130341233705],[10.893568204756159,59.09122585493611],[10.89354275042696,59.09117721363212],[10.893516635704609,59.091142847778315],[10.893472455586899,59.091104672357034],[10.893438523844248,59.091048029667654],[10.893422819538875,59.091006980462836],[10.893422652865993,59.09096750275412],[10.893409405225285,59.09091906852371],[10.893391429186416,59.09088532028277],[10.893385219828629,59.09085545169553],[10.893382108344177,59.090830356857474],[10.893361590360046,59.09082368218558],[10.893329924830347,59.090831310187006],[10.893254155900772,59.09081326320752],[10.893231271784511,59.09079716240759],[10.89319098773777,59.090746882019374],[10.893118628367311,59.0907061946908],[10.893054638622639,59.090680248874655],[10.892996060784059,59.090657261942475],[10.892932073710346,59.09063275477754],[10.892899727560224,59.0906241764955],[10.892881524719408,59.09062881444525],[10.892851013400307,59.09063701840698],[10.892829575933579,59.090658457715925],[10.892811746089942,59.0906964657402],[10.89275832132595,59.090747192086255],[10.892757176344164,59.09077718721045],[10.892743607321114,59.09081317236658],[10.89271058708533,59.09083649229756],[10.89266525658246,59.0908560950926],[10.892608311246429,59.09087784722733],[10.89252744908007,59.09089650326199]]}},{"type":"Feature","properties":{"source":"hvaler_tillegg"},"geometry":{"type":"LineString","coordinates":[[11.019407257743286,59.032204104302544],[11.019414090608658,59.03236507034853]]}},{"type":"Feature","properties":{"source":"hvaler_tillegg"},"geometry":{"type":"LineString","coordinates":[[10.886831057006487,59.08610341009539],[10.887060473739627,59.08610026440172],[10.887114894174822,59.086080592577815],[10.887185258147095,59.08606637225462],[10.887246432767821,59.086060312124836],[10.887300120089309,59.08606570317101],[10.88736158062132,59.08608932393745],[10.887401748577973,59.08612296852671],[10.88743400831807,59.08614242524315],[10.887524561643515,59.08618423319821],[10.887583266114861,59.0862119024326],[10.88766401030202,59.08622040015963],[10.887785533953082,59.086222459731964],[10.887882028619757,59.08618991671613],[10.887920211243522,59.086171617305574],[10.887967571756416,59.08611755341955],[10.888033533482838,59.08604384917401],[10.888091305598344,59.08598454103722],[10.88814768956799,59.085968887371195],[10.888173935594983,59.08596855159659],[10.888213647354277,59.08596810376071],[10.888295013719718,59.08595099515768],[10.888314614654208,59.08593759062471],[10.888333678843757,59.08588784350716],[10.88836716173529,59.08586939480035],[10.888440712642918,59.08582857030154],[10.88850082067861,59.085781834290316],[10.888531018717014,59.08574997390691],[10.888540414538655,59.085728422855155],[10.888597092124412,59.08569281726116],[10.8886547300786,59.08563898944168],[10.888731252499353,59.0855864802816],[10.888751858732798,59.08555593388956],[10.888771869128176,59.085520153531846],[10.888789517461605,59.08549679634712],[10.888837448877394,59.08547440027757],[10.888970642580265,59.085416945989124],[10.88903834954123,59.08537530631334],[10.889134601266365,59.0853360111235],[10.889240699305086,59.08529181328491],[10.889363866050498,59.085249505739064],[10.889428917350516,59.08521398571242],[10.889524839209944,59.085173061318635],[10.88961383722541,59.08514180776397],[10.889654247017337,59.08511656521233],[10.889758029034308,59.08505377106853],[10.889820864871835,59.08500757063416],[10.889831653738677,59.08494083664513],[10.889840349368958,59.08487115896833],[10.889910973536315,59.08482556528265],[10.890033587176756,59.08476597598959],[10.89006148590012,59.08471974591293],[10.890131990370763,59.08464159922546],[10.890208939845397,59.084547562272306],[10.890277554268906,59.08449102497552],[10.890377675015857,59.08445877511607],[10.890426235719303,59.084436937959644],[10.89051021375231,59.08440381620088],[10.890583403943348,59.08438491831553],[10.890607753418085,59.08438290344186],[10.89065666706097,59.08439020973175],[10.890713493525173,59.08440729797474],[10.890768625401614,59.0844516664706],[10.8908424552564,59.08447702671069],[10.890918703510478,59.08448511010784],[10.89104663168136,59.0844701063046],[10.891188807509133,59.08443532353525],[10.89130475705292,59.084431358669676],[10.891419125106909,59.08443768371317],[10.891542398811845,59.08447468223729],[10.891655944376666,59.08453457005064],[10.891740898763503,59.084551650793976],[10.891772782704574,59.084566958423494],[10.891784179277236,59.084610388934905],[10.891825504798897,59.08463876385659],[10.891895257300215,59.08465149603812],[10.892002914049455,59.084638006335865],[10.892052431355044,59.084641734647846],[10.892135068518249,59.08465190813264],[10.89226730896323,59.08464612124021],[10.8923007233028,59.084653025300156],[10.892429759326603,59.08470027609815],[10.892523738090443,59.08471494504119],[10.892613614972088,59.08470988248862],[10.892667673914817,59.08471069747899],[10.892829515607422,59.08475826875851],[10.892946896166668,59.08479489920559],[10.89309389105908,59.08484829341478],[10.893148107145974,59.084858014714044],[10.893257019549868,59.08484717129485],[10.893420220108991,59.08480019488429],[10.893471412661379,59.08479138773216],[10.89365021506843,59.08479067210377],[10.893707806623619,59.08478386600149],[10.89379287520487,59.084747449897314],[10.893912198921809,59.0847196724032],[10.893980033715362,59.08469296013605],[10.894042581315274,59.08468415304131],[10.894136858337555,59.08469487401966],[10.894215115745398,59.084706615709294],[10.89427921486629,59.08471404227162],[10.894316178876053,59.084735084958595],[10.89435157815074,59.08476920554186],[10.894385832179854,59.08479537734811],[10.894445545989544,59.08483215675315],[10.89450829245655,59.08484943090757],[10.894561511090187,59.08484851009512],[10.894681573525371,59.08485690089222],[10.894752571153388,59.08485339646154],[10.894888503364099,59.084862020269014],[10.894978725460433,59.08486137281742],[10.895011595600653,59.08484946681354],[10.895082488256048,59.08481179141857],[10.895109925422132,59.08480295013909],[10.895147643807157,59.08480162780647],[10.895246780624548,59.08482284211584],[10.895348433988634,59.08485222838134],[10.895403919693425,59.084865945184646],[10.895459033640595,59.08487254695049],[10.895540098289366,59.084878352512774],[10.895565735639265,59.08487871528553],[10.895600591291235,59.08488818174572],[10.895729679379668,59.084973014980164],[10.89586198677861,59.08505138632596],[10.895976048289008,59.08510265472659],[10.896037818919671,59.08511495190928],[10.896143527715397,59.085142577802145],[10.896236036090198,59.08517832726809],[10.896334473253454,59.08519664128499],[10.89640552193143,59.08520878264018],[10.896531666113445,59.08525252083455],[10.896726206151572,59.08530867569498],[10.896783422698434,59.08533422547643],[10.896830547475036,59.08536673862189],[10.896923809691575,59.08539181165025],[10.89705189664304,59.0854090861423],[10.897199176600841,59.085423641577414],[10.897321434735261,59.08544145049578],[10.897350419529142,59.085451809492035],[10.89746694270356,59.08551466349113],[10.897582312013107,59.085547719225524],[10.897618553298399,59.08556460196555],[10.897662964071396,59.08559352217892],[10.89769043389551,59.085631167038514],[10.89773025921672,59.08574958648152],[10.897764341005594,59.085844446322916],[10.897784897974294,59.08591361195361],[10.897804370105067,59.08594947496705],[10.897851984177057,59.085992523159256],[10.897941824616296,59.08604185379243],[10.898068688984127,59.08609568357933],[10.898107474946126,59.08611759202471],[10.898127745093422,59.08613801500844],[10.898131507702134,59.08616061270008],[10.898120206079263,59.08618938702891],[10.898094547995465,59.086265181446855],[10.898100707258596,59.08629549773673],[10.898109445591862,59.08646499294515],[10.898114197312468,59.086533388278866],[10.898132358243595,59.08657730198469]]}},{"type":"Feature","properties":{"source":"hvaler_tillegg"},"geometry":{"type":"LineString","coordinates":[[10.848607248316156,59.09761201828101],[10.848568225599179,59.09755034383882],[10.848541374573175,59.09750506458038],[10.8485261886148,59.097487583711995],[10.848494739048865,59.097451418519746],[10.84843049500246,59.09738875602456],[10.848363919300349,59.097317926266044],[10.848309351378756,59.0972619578542],[10.848259164819106,59.09722321400632],[10.848182631591834,59.0971725660804],[10.848077565210934,59.09711075320779],[10.848011631520157,59.097063502017775],[10.847946977584616,59.09700568161964],[10.84786325603751,59.096935021417494],[10.84779606598822,59.09687361289948],[10.847725325846769,59.09680399804935],[10.847650795374332,59.096723831322535],[10.847571451822782,59.09663290009699],[10.847537852180782,59.0966029599002],[10.847502362172303,59.09657997261819],[10.847390096709775,59.09651990655325],[10.847258319084238,59.09644923418778],[10.847111874207108,59.096375573856726],[10.84696465604416,59.096298201966974],[10.846835243056177,59.09623255036182],[10.846673184922512,59.09615362339189],[10.846553338479598,59.096092684091914],[10.846485716646356,59.09605940495314],[10.846397139136766,59.09602455476875],[10.846354233590397,59.09601086059161],[10.846310665326156,59.09599975274257],[10.846230189567688,59.09598314556688],[10.846204836216787,59.09597603851732],[10.846156479946748,59.09596261909735],[10.846047186983022,59.09592710448093],[10.845943963977621,59.095887648214074],[10.845870682141175,59.09584483589162],[10.845773358591433,59.09577976248034],[10.845671201501602,59.09570554230226],[10.84555909895915,59.095626866936115],[10.845474573375324,59.0955672390131]]}},{"type":"Feature","properties":{"source":"hvaler_tillegg"},"geometry":{"type":"LineString","coordinates":[[10.844377694787331,59.09500982219018],[10.84435362551909,59.09503539582051],[10.84431955565599,59.09509014144321],[10.844280860611281,59.09514123193336],[10.844241988748903,59.09518368470817],[10.844176345731363,59.09524083436306],[10.844125682998705,59.095294058594426],[10.844111884108784,59.09531996164086],[10.844098119477717,59.09535135072398],[10.844097791202836,59.09538146239808],[10.844118224606442,59.09542051243509],[10.84414539599613,59.09547029890006],[10.844150722606997,59.095491240598854],[10.844139477529389,59.09554366117513],[10.844119027240865,59.09563022468775],[10.844111366224729,59.09566171964807],[10.844103454707506,59.09569239731938],[10.844089092111464,59.09572583531398],[10.844070799406662,59.09575132445516],[10.844034708908172,59.095783795699305],[10.843948927056902,59.095847043020086]]}},{"type":"Feature","properties":{"source":"hvaler_tillegg"},"geometry":{"type":"LineString","coordinates":[[10.842781318340345,59.093606792636415],[10.842825580213612,59.093623678714096],[10.842989459521013,59.09367443541389],[10.843049231847786,59.093677252537795],[10.843177426274375,59.093685052501534],[10.843253844066862,59.093687504451545],[10.843320023759805,59.09368791943953],[10.8433711142286,59.09369027801927],[10.843516656235947,59.09371787649193],[10.84357429747467,59.09376279610229]]}},{"type":"Feature","properties":{"source":"hvaler_tillegg"},"geometry":{"type":"LineString","coordinates":[[11.08072540534857,59.00637640196414],[11.080586119025448,59.00629558271446],[11.080519773373577,59.0062399890381],[11.080406138005289,59.00619716753738],[11.080311123448443,59.00613009627643],[11.080241968289977,59.00607010185999],[11.080173613713162,59.005969404556936],[11.080073451020196,59.005838883766835],[11.080026571301044,59.00579601687061],[11.07992095274382,59.005721071913115],[11.079782417131128,59.00564288170813],[11.079734774723356,59.005618961605144],[11.079673872325618,59.005599764243904],[11.079595234661076,59.00558173757698],[11.079543414902274,59.00556389427028],[11.079491134934758,59.00554244078073],[11.079434942515615,59.00552320623351],[11.079377024464018,59.00550994301965],[11.07933834406886,59.00549915084103],[11.079311493959112,59.00548700899998],[11.079271155676896,59.00545557822717],[11.079206456555848,59.005385558940965],[11.079143577136833,59.00532251748357],[11.079099786282702,59.00529233058556],[11.079053420562289,59.0052587391284],[11.07896522436644,59.005183871857945],[11.078901417135818,59.005128983532444],[11.078857728979541,59.00509942899356],[11.078801005435427,59.00507262599786],[11.078743086855381,59.00504713533172],[11.078690255962053,59.005021349333845],[11.07863068169535,59.004988975615504]]}},{"type":"Feature","properties":{"source":"hvaler_tillegg"},"geometry":{"type":"LineString","coordinates":[[11.081765223570022,59.013809795068816],[11.081840596373343,59.0138061439063],[11.081886590094596,59.0138017828212],[11.081907148664529,59.01379422402944],[11.081922147873065,59.01378496849323],[11.081926375493921,59.01377080159787],[11.081920179611906,59.013754790660606],[11.081908250671665,59.01373707772075]]}},{"type":"Feature","properties":{"source":"hvaler_tillegg"},"geometry":{"type":"LineString","coordinates":[[11.081908250671665,59.01373707772075],[11.081856136821713,59.01369567155637]]}},{"type":"Feature","properties":{"source":"hvaler_tillegg"},"geometry":{"type":"LineString","coordinates":[[11.0211180828204,59.02544626031475],[11.021365215538934,59.02540377999059],[11.02147107313762,59.02539166032838],[11.02158939402295,59.02539089254838],[11.021706952236725,59.02540727366926],[11.021768184931942,59.02542515978998],[11.021869428829726,59.025468011654034],[11.021990321636048,59.02552944908634],[11.022043491274378,59.025546188122355],[11.022126409952415,59.025554491173764],[11.022245906334506,59.025554118549216],[11.022359812065668,59.02555986753677],[11.022488078326154,59.025566597272245],[11.022617609135198,59.02558199692405],[11.022712080566272,59.02559595925757],[11.022798238453761,59.02563205312165],[11.022882212382697,59.02566592200914]]}},{"type":"Feature","properties":{"source":"hvaler_tillegg"},"geometry":{"type":"LineString","coordinates":[[11.0312053536063,59.02668809790241],[11.031199199815013,59.02664016821131]]}},{"type":"Feature","properties":{"source":"hvaler_tillegg"},"geometry":{"type":"LineString","coordinates":[[11.018205037517493,59.02204272645736],[11.018149740641272,59.021957050434125],[11.018117612590737,59.02188512406956]]}},{"type":"Feature","properties":{"source":"hvaler_tillegg"},"geometry":{"type":"LineString","coordinates":[[11.017993961930733,59.0252175480931],[11.01799119736118,59.02522034008849],[11.017929248426418,59.025277953099554],[11.017875749860949,59.02536801331451],[11.017809000643393,59.02545352996214],[11.017728993338599,59.025551135839386],[11.017672083264916,59.0256390231094],[11.017621155991383,59.025718912817865],[11.01758925617809,59.02574742104929],[11.017517579662186,59.0257956537832],[11.017399839413976,59.025863687192754],[11.017357912555239,59.025885413375285],[11.017307831596554,59.02591129409709],[11.017198257566843,59.025973554808196],[11.017114053114957,59.026012500825814],[11.017065618659386,59.02603168900895],[11.017021546512296,59.02605236006877],[11.016973298710251,59.02608198333706],[11.016920621039391,59.02612576567201],[11.016873649062546,59.02618051261716],[11.016826142655157,59.026236861448965],[11.016798297978893,59.02628455490483]]}},{"type":"Feature","properties":{"source":"hvaler_tillegg"},"geometry":{"type":"LineString","coordinates":[[10.989769760934406,59.035025508613224],[10.989789023536622,59.03508319814343],[10.989798359063107,59.03515271789318],[10.98981170266746,59.03522227192074],[10.989840240684222,59.035308120848406],[10.989866515782682,59.03536252115923],[10.989881509571065,59.03540596257531],[10.989878889869066,59.03543141576655],[10.989889345452365,59.03549881237301],[10.989899510617764,59.03554327300123],[10.989913567857478,59.0356097022801],[10.989954825533077,59.035761489450536],[10.989997911274486,59.03585273409298],[10.990027911833039,59.0359634433484],[10.990081757092971,59.03611948656763],[10.99010934482916,59.03616862280149],[10.990115488106344,59.03618176012869],[10.990128549710409,59.036208867981586],[10.990182374777437,59.03649671812852],[10.990076789916122,59.03679626281816],[10.990035507357975,59.03691240587429],[10.990002223060845,59.037015310270576],[10.989974867549334,59.03709430254916],[10.989959725923443,59.03715083617625],[10.989943069296725,59.03720390629496],[10.98992494228592,59.03725612166858],[10.989917119969805,59.03730523973956],[10.989914065880875,59.03734488520474],[10.9899045909097,59.03738424182357],[10.98986216927226,59.03756697264427],[10.989854229444596,59.03765897400176],[10.989823964472883,59.03774794600459],[10.989790385487101,59.03782494724225],[10.989773282954383,59.037863887708184],[10.989771081670856,59.03789771546436],[10.989755196110131,59.037981558579],[10.98975330064294,59.03801575544917],[10.989736778565632,59.038039249427214],[10.989721598623335,59.038061706071495],[10.989717495664255,59.038095384996694],[10.989707421235565,59.038169787820244],[10.989701250462222,59.038200255836564],[10.989689484195788,59.038223357705704],[10.989681347313287,59.03824675184634],[10.989666896089188,59.03830483531007],[10.989632126279371,59.038415965314535],[10.989616316678598,59.0384692414719],[10.98959631119657,59.03853605389708],[10.98956553157521,59.03863391097721],[10.989529645689572,59.038712728795936],[10.989503356717348,59.03876909681089],[10.989474093817188,59.038816561521855],[10.989453613703507,59.03888893362845],[10.989355102844547,59.03900060599805],[10.988985874629027,59.03907754580531],[10.988856169643077,59.039161997514704]]}},{"type":"Feature","properties":{"source":"hvaler_tillegg"},"geometry":{"type":"LineString","coordinates":[[11.028884282255357,59.02646863464439],[11.029091227751247,59.02654915889365],[11.029404509698157,59.026658749054505],[11.029567268698443,59.026714181084],[11.029709597263668,59.026766828301845],[11.029922454854361,59.02684753252997],[11.030061838965095,59.02690907977676],[11.030171063343122,59.026973567698775],[11.030235435608077,59.02704288327124],[11.030235752140088,59.02704316270431],[11.030245837805301,59.027053991293016]]}},{"type":"Feature","properties":{"source":"hvaler_tillegg"},"geometry":{"type":"LineString","coordinates":[[11.043122722164258,59.03639878006218],[11.04317542277859,59.03650774006701],[11.043226113471684,59.03656898791128],[11.043265285327504,59.03659239240492],[11.043328843116948,59.036617621227734],[11.043469486293517,59.03665815298737],[11.043576108635158,59.03671086099223],[11.043644044916679,59.03673442535024],[11.043743589856044,59.03675616870408],[11.044009280123765,59.03680906311539],[11.044163266069646,59.03683067190695],[11.04423242819382,59.03684510290347],[11.04426475518557,59.03686281356042],[11.044301645442426,59.03689999365254],[11.044315266129706,59.03693322593817],[11.04432800459951,59.03696957800171],[11.044341488009053,59.036996422698145],[11.044355187343495,59.03701077693268],[11.044383423714718,59.03702917170432],[11.04442663757863,59.03705081130131],[11.044678343678418,59.03712521418903]]}},{"type":"Feature","properties":{"source":"hvaler_tillegg"},"geometry":{"type":"LineString","coordinates":[[11.024855194819093,59.02460062659529],[11.024959830869383,59.024603571164974],[11.025094834637464,59.024621384205325],[11.025167641860298,59.02463719673262],[11.02613952458801,59.024834364797],[11.026294148478348,59.024886134905785],[11.02630388527478,59.02488940086302],[11.026357650500564,59.02492665539662],[11.026379289425389,59.024941615226865],[11.026435031675692,59.024990438645716],[11.026476396835681,59.025042956333166],[11.026500702338428,59.02512390051361],[11.026506957685013,59.02516032547532],[11.026506424139294,59.02519060805494],[11.026505994555713,59.02521244248405],[11.026504739225686,59.02523991575548],[11.026500726497572,59.02526559610794],[11.02651023072837,59.0253176748956],[11.02651897275286,59.02535219823725],[11.026523229595995,59.02539233796226],[11.026527778853216,59.02542088854674],[11.02653972333093,59.02545335242991],[11.026552767732227,59.02549591976969],[11.026566675908013,59.02552044214286],[11.026590179631672,59.025561532476615],[11.02661639216349,59.02558823080806],[11.026645105607994,59.02561743343634],[11.02669005628768,59.02564344838902],[11.02673865228541,59.02566507985621],[11.02680909099753,59.02569538375354],[11.026882233793257,59.02572190459432],[11.026990057626586,59.025757671789464],[11.02704013939817,59.025777011147845],[11.027123216283595,59.02580509554711],[11.02717155657121,59.025819885993414],[11.027246849680974,59.02583685249185],[11.027315870131885,59.02586585384643],[11.027383211120693,59.02588976876459],[11.027462482077933,59.02592061314815],[11.027562127500516,59.0259577471198],[11.027676899140442,59.02600433611702],[11.027784579655382,59.02604890918294],[11.027864095427471,59.026080659898525],[11.027942347430262,59.02610976444487],[11.028011927668384,59.026133927565105],[11.02807611285705,59.02615648652896],[11.028174808018747,59.026194310097026],[11.028214969630227,59.0262104674489],[11.028245170513198,59.02622227322221],[11.028289562684856,59.02623954937962],[11.028339019052533,59.02626129652186],[11.028448378971316,59.02630493155846],[11.028561123589343,59.026347951109344],[11.028717485328919,59.02640741360276],[11.028806703032018,59.02643973116224],[11.028884282255357,59.02646863464439]]}},{"type":"Feature","properties":{"source":"hvaler_tillegg"},"geometry":{"type":"LineString","coordinates":[[11.04234325899312,59.03518098376136],[11.04252191749514,59.03523670459691],[11.04272597347932,59.03529455029786],[11.042859696192684,59.03534817748923],[11.043025851950071,59.035424643481775],[11.043050132587863,59.03543950118598],[11.043060030239815,59.03545050270629],[11.043062918990785,59.03545571571837],[11.043074078051818,59.035495166405234],[11.043069656256332,59.035607864476965],[11.043054371724004,59.035702788502526],[11.043004533256955,59.03580088177356],[11.0429558776781,59.035923555798995],[11.042948111359374,59.03602590222587],[11.042971970047853,59.036076260292035],[11.043020690490088,59.03615462023563],[11.043068429252196,59.036276375211216]]}},{"type":"Feature","properties":{"source":"hvaler_tillegg"},"geometry":{"type":"LineString","coordinates":[[11.02280226245231,59.03080647610561],[11.022943159936037,59.03078257490118],[11.023018858142862,59.030767458960945],[11.023386560266477,59.030706741558575],[11.023684010935362,59.03067587194262]]}},{"type":"Feature","properties":{"source":"hvaler_tillegg"},"geometry":{"type":"LineString","coordinates":[[11.005495421538974,59.03402094068043],[11.005569273677434,59.0340608918571],[11.005608580163774,59.0340994171768],[11.00565753056743,59.03415703108115],[11.005710945900105,59.03420624141431],[11.005780002206421,59.034276973110785],[11.00584792649571,59.034351446002994],[11.005860810623767,59.03438618881796],[11.00587736203368,59.03446294235204],[11.005908770575179,59.0346100135906]]}},{"type":"Feature","properties":{"source":"hvaler_tillegg"},"geometry":{"type":"LineString","coordinates":[[11.020751638314927,59.03123218163803],[11.020741621675336,59.031243381897646],[11.020738120176118,59.03124651092958],[11.020612499322013,59.0313116978331],[11.020450064885226,59.03140713058161],[11.02031007679756,59.031492464399925],[11.020167989093093,59.03157332801253],[11.019996488609252,59.031697341971764],[11.019986572301445,59.0317031507741]]}},{"type":"Feature","properties":{"source":"hvaler_tillegg"},"geometry":{"type":"LineString","coordinates":[[11.005054948361437,59.032315708344576],[11.005173125221152,59.0323269085558],[11.005292166983711,59.0323351683588],[11.005546193169298,59.032345076889214],[11.005855600478002,59.032351209659545],[11.00593976010079,59.03235344733319]]}},{"type":"Feature","properties":{"source":"hvaler_tillegg"},"geometry":{"type":"LineString","coordinates":[[10.989770287891469,59.03495368706824],[10.98983578766854,59.03494546686767],[10.98990747612775,59.03493204380248],[10.989977487205705,59.03492702024084],[10.99006594367551,59.03491789283037],[10.990095940129306,59.034914956087746],[10.990159100480755,59.03488940058052],[10.990235892679607,59.0348546470438],[10.990286092374655,59.03483552307254],[10.990338989345739,59.03481720192449],[10.990422300451742,59.034792360492254],[10.990504564817526,59.03476901504586],[10.990635795781719,59.03473711659183],[10.990810470193363,59.034693167235446],[10.990972592119137,59.03464766000004],[10.991211713613687,59.03458206018213],[10.991362984664336,59.034541341229215],[10.991429207676703,59.03452541041568],[10.99150964309264,59.0345177418954],[10.99158219678723,59.03451783117563],[10.991654771370541,59.0345177412428]]}},{"type":"Feature","properties":{"source":"hvaler_tillegg"},"geometry":{"type":"LineString","coordinates":[[11.055307137195532,59.03054314711978],[11.055302274412115,59.030536885269065],[11.055294089798233,59.03052917357344],[11.05524298499941,59.03050639798881],[11.055056490053635,59.03041260516812],[11.054877967516976,59.03032382012224],[11.054783501485518,59.03027311024888],[11.054752605591064,59.030256614606124],[11.054629822124257,59.03018670046425],[11.054529616844794,59.030126734878564],[11.054492751386414,59.03010906820947],[11.05446739390923,59.03009750637949],[11.054383813780465,59.03005225272904],[11.054132674912886,59.02990173461948],[11.05370219498284,59.029628599384495],[11.053501549917154,59.02951836930771],[11.053387538609737,59.02945564418172],[11.053321448902482,59.02941757623851],[11.053203114009541,59.029354539272084],[11.052971945167277,59.02922917219819],[11.052711544831222,59.02908043646727],[11.05263050536804,59.02903436001301],[11.052525111734486,59.02897711149168],[11.05233906334662,59.02888108039008],[11.052311245643685,59.028866655955106],[11.052191288687402,59.02880410794655],[11.052068463132377,59.02873616782146],[11.051953279556592,59.02867610276101],[11.051846807414863,59.02861459513056],[11.051740394209698,59.028557134999026],[11.051668155584018,59.02851645106601],[11.051609007628093,59.02848326910137],[11.051497932762365,59.028426925220735],[11.051369078115455,59.028344685088435],[11.051331696964459,59.02832394488729],[11.051260327171342,59.02828481562866],[11.051189543837356,59.02824057954498],[11.051121476799146,59.02818635676145],[11.051085679456703,59.02813815338465],[11.051056353933328,59.02807459363207],[11.051036404266396,59.028023547269065],[11.051027631078098,59.02801186142003],[11.051011146919967,59.027989870732256],[11.050951421784633,59.027922236584395],[11.050893066001466,59.02787001822444],[11.050826482998868,59.027815031386865],[11.050685419211653,59.02772828221169],[11.050615442741844,59.027687666663965],[11.050567299194359,59.027651313642835],[11.05042370753316,59.02755621559638]]}},{"type":"Feature","properties":{"source":"hvaler_tillegg"},"geometry":{"type":"LineString","coordinates":[[11.02708814008639,59.02955416512626],[11.027221410442298,59.029430137668456],[11.02734793286072,59.02931318548257],[11.027454935273184,59.02922782099662],[11.027586792028501,59.029103929632875],[11.027747275339342,59.02896320498792],[11.027948851864872,59.02879434158943],[11.028103036412196,59.02866735893752],[11.0282057258166,59.02856343043156],[11.028337049431853,59.02845921184113],[11.028482368059668,59.028339508948406],[11.028570805224476,59.02823514280376],[11.028662003637704,59.02815216948583],[11.02874308300603,59.0280752690395],[11.028882920347206,59.02795467828529],[11.029009394395118,59.027850130462895],[11.029134850018396,59.02776497135484],[11.029250075212957,59.027707998987225],[11.029403781335306,59.02763341649255],[11.029535555794759,59.02756903977456],[11.029628286218513,59.02753016763962]]}},{"type":"Feature","properties":{"source":"hvaler_tillegg"},"geometry":{"type":"LineString","coordinates":[[11.01196323853976,59.03270193377801],[11.011965309109742,59.032715663688016]]}},{"type":"Feature","properties":{"source":"hvaler_tillegg"},"geometry":{"type":"LineString","coordinates":[[11.00593976010079,59.03235344733319],[11.006185982334026,59.032359966948015],[11.00627986544593,59.03236708981421],[11.006344765995657,59.03237295862873],[11.006619240378797,59.032403545711546],[11.007067730135459,59.03244363695048],[11.007561108668252,59.03248169484728],[11.007968189166519,59.03251340269662],[11.008014476041833,59.03251734787935],[11.00803246491905,59.03252015046861],[11.00824190995484,59.03255951725919],[11.008441220146569,59.032600549117184],[11.008641350803218,59.03264052705655],[11.008833350513362,59.032687446629375],[11.008904121340672,59.03270886956729],[11.008952148201253,59.03272788282631],[11.0090235298853,59.03276658701256],[11.009171650952878,59.032886507483205],[11.00935937646748,59.033030395859804],[11.00940139237929,59.03305461811661],[11.009463468581943,59.03308934885136],[11.00948188889663,59.03310196458394],[11.009530799979562,59.03316146379706],[11.00966321617263,59.033310029824875],[11.009731136736002,59.03338459034833],[11.009738928327671,59.03338959573506]]}},{"type":"Feature","properties":{"source":"hvaler_tillegg"},"geometry":{"type":"LineString","coordinates":[[11.01196323853976,59.03270193377801],[11.012086162606503,59.032685761853934],[11.012329360730353,59.032643176341644],[11.012536204855467,59.03260423547249],[11.012598245538337,59.03259266065246],[11.01262439946085,59.03258672330012],[11.012635857879115,59.03258267080738],[11.012655023821276,59.03257382089701],[11.01273582705996,59.0325222753116],[11.01277659787011,59.032479026661825],[11.01279257097705,59.032466122390595],[11.01289696279926,59.032402176784935],[11.012957875221927,59.03236422383879],[11.01298722795204,59.03235326017606],[11.013012567344282,59.03234531966898],[11.013032884551771,59.03233857306998],[11.013038472445853,59.03233550850524],[11.013044070725725,59.03233235435167],[11.013051627892153,59.032325844019255],[11.01310268199275,59.03227212304323],[11.013126137241395,59.03224884002117],[11.013142776914874,59.03223469752567],[11.013156848373097,59.03222164472413],[11.013165552147758,59.032214270622376],[11.013171653788872,59.032209783342054],[11.013178481780844,59.03220504871139],[11.013263759205845,59.032166048033496],[11.013313335235873,59.03214914395056],[11.013366493136624,59.03213594652638],[11.0133963406439,59.03212823472501],[11.013418707200076,59.03211885394108],[11.01354031952097,59.032068834678995],[11.013577272490302,59.032055497650816],[11.013595872211459,59.03204851824912],[11.013613164625953,59.032040779309014],[11.01362828838091,59.03203369283594],[11.013644486070078,59.0320263697148],[11.013660909475151,59.03201860400163],[11.01374807964072,59.03197831269573],[11.013761452239155,59.03197279062375],[11.013784096239943,59.03196251924095],[11.013817534261356,59.03194790507427]]}},{"type":"Feature","properties":{"source":"hvaler_tillegg"},"geometry":{"type":"LineString","coordinates":[[11.011965309109742,59.032715663688016],[11.011872372114368,59.03273195038314],[11.011764376708763,59.03274723352247],[11.011650935754039,59.032765855194675],[11.011537496653016,59.032772429072196],[11.011408081908328,59.032787411456496],[11.011280086574816,59.032814215489935],[11.011126393934417,59.032843014557],[11.011017484430058,59.032860156994005],[11.010930672327621,59.03287024829417],[11.010825720727372,59.03287582444027],[11.010684639231721,59.032880107011245],[11.01048323939926,59.03290365861661]]}},{"type":"Feature","properties":{"source":"hvaler_tillegg"},"geometry":{"type":"LineString","coordinates":[[11.010818444926224,59.03411732852767],[11.010821786933919,59.03408551396807],[11.010825843345998,59.03407610868057],[11.010838634567598,59.03406508453969],[11.010842513170118,59.03406322609735]]}},{"type":"Feature","properties":{"source":"hvaler_tillegg"},"geometry":{"type":"LineString","coordinates":[[11.021174959668981,59.03116266122477],[11.021428985991205,59.03109261031853],[11.021497971347262,59.031069197145214],[11.021580702294338,59.03104908354884],[11.021628050876322,59.0310408290015],[11.021672527845354,59.03103176689851],[11.021734334777449,59.03102215860258],[11.022062871834766,59.03095026114019],[11.02235513782796,59.0309024223449],[11.022769919162645,59.03082373347666]]}},{"type":"Feature","properties":{"source":"hvaler_tillegg"},"geometry":{"type":"LineString","coordinates":[[11.02839156162945,59.0316857865563],[11.028369191334543,59.031678626702444]]}},{"type":"Feature","properties":{"source":"hvaler_tillegg"},"geometry":{"type":"LineString","coordinates":[[11.024855194819093,59.02460062659529],[11.024883703067205,59.0244610660635],[11.024886925836793,59.02442412297213]]}},{"type":"Feature","properties":{"source":"hvaler_tillegg"},"geometry":{"type":"LineString","coordinates":[[11.012491364155865,59.03863149173468],[11.012765726490207,59.03863643728218],[11.012767812458526,59.0386365015401],[11.012867598880439,59.03864101394058],[11.012916542483458,59.03867327030043],[11.012953640640449,59.038758027959496],[11.013009241431796,59.038835173865365],[11.013123622579242,59.038922941334356],[11.013164151428224,59.03896608704911],[11.013176148454766,59.038987495161734],[11.013210550825356,59.0390594026867],[11.013247929278018,59.03913122204808],[11.013331932744652,59.03919512697807],[11.013417414484199,59.039244781929746],[11.013345075036076,59.03931798710696],[11.013321378635087,59.039364369298795],[11.013335277577767,59.039408492906546],[11.01333824027837,59.03943258972066],[11.013312721595462,59.039485658921826],[11.013308091709968,59.03949549616171],[11.013290836103128,59.039531467527375]]}},{"type":"Feature","properties":{"source":"hvaler_tillegg"},"geometry":{"type":"LineString","coordinates":[[11.037644073723966,59.03560029744592],[11.037530010550762,59.03545484193091],[11.037566368376002,59.03509695532442],[11.03754463238973,59.034901101216406],[11.037583409705737,59.0347583468494],[11.037578938628434,59.034668482520416],[11.037605326375768,59.03435623328396],[11.037520781062836,59.034113592512156],[11.037546316743205,59.03397070248246],[11.037540313504175,59.03393500531873],[11.037434007246432,59.03380704926179]]}},{"type":"Feature","properties":{"source":"hvaler_tillegg"},"geometry":{"type":"LineString","coordinates":[[11.01056764247967,59.03330824202479],[11.01059930124981,59.033333043696246],[11.010655547356723,59.03345111925649],[11.010677908121803,59.033494425210066],[11.010712863295359,59.0335930535529]]}},{"type":"Feature","properties":{"source":"hvaler_tillegg"},"geometry":{"type":"LineString","coordinates":[[10.929759996507514,59.06703060348192],[10.929733758741547,59.06708255750891],[10.929712894805549,59.06713189314939],[10.929711158401942,59.06714065001036],[10.929712625066083,59.067151845278445],[10.929728299527712,59.0671934280334],[10.929735727078471,59.06722504100657],[10.929756054393003,59.0672627239342],[10.929782965065154,59.06731410067686],[10.929805290079344,59.06735849991975],[10.929808703767858,59.06737389236405],[10.929808914189996,59.0674059977901],[10.929809309187743,59.06743801910476],[10.929817342625425,59.06749545604085],[10.929814027502022,59.06750722031204],[10.929795331780719,59.06755446621245],[10.92978504887071,59.06760880989503],[10.929776401819456,59.06766113700333],[10.929753873184543,59.06770241810591],[10.929748257919316,59.067735059725],[10.929751656714242,59.06776825440471],[10.929769958738026,59.067820079861356],[10.92979181028566,59.06786994888793]]}},{"type":"Feature","properties":{"source":"hvaler_tillegg"},"geometry":{"type":"LineString","coordinates":[[10.924483709500137,59.05812745207163],[10.92447009812606,59.058125944660624],[10.924456113814855,59.058123166727064],[10.924444087935777,59.058117123658924],[10.924402006594235,59.05808927468393],[10.924367419825598,59.0580718217809],[10.924349371846935,59.05806945539442],[10.924285490019576,59.058050271075956],[10.924176618956087,59.058013036560496],[10.924133493404408,59.05799693322266],[10.924114826265008,59.05798654505337],[10.924085270667588,59.05796052889235],[10.924055266882467,59.057929463485635],[10.924044224888807,59.057909245095686]]}},{"type":"Feature","properties":{"source":"hvaler_tillegg"},"geometry":{"type":"LineString","coordinates":[[10.923075956429471,59.056819313541496],[10.923252709652434,59.05694050746013]]}},{"type":"Feature","properties":{"source":"hvaler_tillegg"},"geometry":{"type":"LineString","coordinates":[[10.930251276943352,59.068961003049154],[10.930247372918085,59.0689644768631],[10.930242844100079,59.06897764160316],[10.930230463133103,59.06901285790221],[10.93023446603005,59.06903654080275],[10.930232649619601,59.06905923160813]]}},{"type":"Feature","properties":{"source":"hvaler_tillegg"},"geometry":{"type":"LineString","coordinates":[[10.920649163669227,59.05573872188077],[10.920612320021911,59.05571679102536],[10.920507077957168,59.05565790853362],[10.920481063259873,59.05564620931009],[10.920447223225134,59.055634263501425],[10.920255408396622,59.05559594034168]]}},{"type":"Feature","properties":{"source":"hvaler_tillegg"},"geometry":{"type":"LineString","coordinates":[[10.915863946625306,59.05528925385052],[10.915875658929563,59.05525239915552],[10.915885603329183,59.05523482008349],[10.915906442757851,59.05521515704113],[10.915932484811004,59.05519430941445],[10.915952774304237,59.055167525854415],[10.915995649042564,59.05512401154008],[10.916033970188952,59.05509384058881],[10.916080283210935,59.05506545025705],[10.916109600483644,59.055050820029024]]}},{"type":"Feature","properties":{"source":"hvaler_tillegg"},"geometry":{"type":"LineString","coordinates":[[10.930251276943352,59.068961003049154],[10.930238445878128,59.06894108877639],[10.930238088133072,59.068933794612576],[10.930233707903737,59.06890740247526],[10.9302311335181,59.06889671188307],[10.930227754649094,59.06888986225052],[10.93021989513871,59.06888251215492],[10.930189411079288,59.068840643895236],[10.930177837870986,59.068804225225264],[10.93016626468038,59.068786957940326],[10.930110477449078,59.06872433384352],[10.93007397345694,59.06869495403581]]}},{"type":"Feature","properties":{"source":"hvaler_tillegg"},"geometry":{"type":"LineString","coordinates":[[10.91925566810989,59.05380411039247],[10.919251707493615,59.05375075688183],[10.919245882850756,59.05373366958523],[10.919239093021439,59.0537173610842],[10.91923009920818,59.05369756640579],[10.919204871290107,59.0536439920894],[10.919206119178991,59.05362613867856],[10.91921014225661,59.05360990127111],[10.919219608690257,59.05358898012664],[10.91926416564721,59.05353418879764],[10.91926640425042,59.053525627684145],[10.91926463283881,59.05351703008492],[10.919256452269144,59.05350508349794],[10.919210004040364,59.053461180322664],[10.91919923285013,59.053447533632216],[10.919199637160247,59.05344412967135],[10.919231717404154,59.053397396921454],[10.919229108499547,59.05338850318268],[10.919216314228374,59.05336984749195],[10.919199187135808,59.0533524039224]]}},{"type":"Feature","properties":{"source":"hvaler_tillegg"},"geometry":{"type":"LineString","coordinates":[[10.923252709652434,59.05694050746013],[10.92340631072586,59.05702734464856],[10.923529148837027,59.057111594614575],[10.923571590973967,59.057198168489116],[10.923736240435481,59.057437575865094],[10.923803579137008,59.057624736937214],[10.923966261136643,59.05780572845023],[10.924044224888807,59.057909245095686]]}},{"type":"Feature","properties":{"source":"hvaler_tillegg"},"geometry":{"type":"LineString","coordinates":[[10.94575791079623,59.04015535596008],[10.946060819097811,59.040144703427785]]}},{"type":"Feature","properties":{"source":"hvaler_tillegg"},"geometry":{"type":"LineString","coordinates":[[10.948283689355115,59.044973070759696],[10.948302469421579,59.04503578766152],[10.948279389967645,59.045092428997755],[10.94820905009142,59.04514588269611],[10.947977035558372,59.04528598560144],[10.94809414814827,59.045344947317275],[10.948173424969317,59.04540218513473],[10.948206271526264,59.04544475254189],[10.948165270303528,59.045554240514136],[10.948194140368688,59.045632018797555],[10.948231247328408,59.04566213189347],[10.948352776867496,59.04569992249338],[10.948427343563312,59.045723115949144]]}},{"type":"Feature","properties":{"source":"hvaler_tillegg"},"geometry":{"type":"LineString","coordinates":[[10.890214930321703,59.08959960451229],[10.890212061761714,59.0896147989888],[10.890216541793725,59.089653244730556],[10.89024962878019,59.08970959186428],[10.890299327026066,59.08975270902833],[10.890402349463747,59.089814511637044],[10.890431508603275,59.08983072212506],[10.890448590636094,59.089845650344046],[10.89049393655229,59.089907601331674],[10.890546152237151,59.08999242869228],[10.890544530853205,59.09001179880614],[10.890533185712517,59.09003211926937],[10.890514784985381,59.09004861933248],[10.890504856167567,59.090057115998874],[10.890498043815159,59.09006876862071],[10.890495850130408,59.090084164338776],[10.890497710004677,59.09010364488511],[10.890522659738348,59.09017250166756],[10.890593789479174,59.09028760078911],[10.89066525714826,59.09041592802041],[10.890744768238356,59.090552962304514],[10.890809894188784,59.090674434595925],[10.890810139938077,59.090691346326324],[10.890800703631232,59.09072782206462],[10.89080135595157,59.09074717438408],[10.890806951348676,59.090769021272465],[10.890842673041146,59.090851526997525],[10.890881584321892,59.09094825046142],[10.890900191224343,59.09100296919901],[10.890916003317264,59.09103871723233],[10.89104023114213,59.09116422190939],[10.891148830261205,59.09127871076441],[10.891244431870565,59.091387931906965],[10.8913756020731,59.09155178014254],[10.891574173124143,59.09175687850782],[10.892010678678147,59.09202373987589]]}},{"type":"Feature","properties":{"source":"hvaler_tillegg"},"geometry":{"type":"LineString","coordinates":[[10.901312294942905,59.09311525794763],[10.901356345340444,59.09313706201018],[10.90157750494771,59.093143429051366],[10.90187241374701,59.093236018284664],[10.901947078292356,59.093251687318585],[10.902065837950593,59.09325661268664],[10.902163225123884,59.09323712466304],[10.902289402779342,59.09325747990838],[10.902359250530917,59.09324179622117],[10.902411857421543,59.0932168455572]]}},{"type":"Feature","properties":{"source":"hvaler_tillegg"},"geometry":{"type":"LineString","coordinates":[[10.84401507583292,59.09598619855116],[10.843967912238176,59.095955732319396],[10.843940705790523,59.09593507781582],[10.843913624142601,59.09589464556161],[10.84391272948707,59.0958861646603],[10.843920603295311,59.09587454819839],[10.843948927056902,59.095847043020086]]}},{"type":"Feature","properties":{"source":"hvaler_tillegg"},"geometry":{"type":"LineString","coordinates":[[10.844373398183384,59.09497749407905],[10.844383046514741,59.09493536273055],[10.844384110921363,59.09492946234977],[10.844382629699814,59.094924379484695],[10.844378754782774,59.09491886017054],[10.844375064355463,59.09491181818475],[10.844373691658577,59.09490583963045],[10.844377060728425,59.094893898817816],[10.84440598656572,59.09484699079883],[10.84442096283823,59.09483011719595],[10.844434439283745,59.09481841066996],[10.844441585123278,59.09481135660152],[10.84444076676367,59.09480368740567],[10.844437990134711,59.09479631506447],[10.844409876898045,59.09476151458701],[10.844385833066356,59.094727743804356],[10.844330850198217,59.09466807357778],[10.844316955498138,59.094628424056936],[10.844284634607316,59.09456633363613],[10.844246539803354,59.09451439844919],[10.844236500147446,59.094486202122106],[10.844205642925075,59.09444232186619],[10.844177680830823,59.094401951318964],[10.84417344482175,59.09438931696791],[10.844175160832124,59.09437948114112],[10.844179618648743,59.09437009293478]]}},{"type":"Feature","properties":{"source":"hvaler_tillegg"},"geometry":{"type":"LineString","coordinates":[[10.85610354450915,59.091601009225435],[10.85603985854859,59.0915655231482],[10.85595516838812,59.09151731634136],[10.85589192731913,59.091479596505906],[10.855845090149499,59.09145651827044],[10.855764489932817,59.09142363803898],[10.85567478076989,59.09138516128085],[10.85559981308203,59.091347605642554],[10.855529326995583,59.09130911433627],[10.85548914706783,59.09128445061259],[10.855462294282868,59.09126084266235],[10.855412572319349,59.09119945747602],[10.855357275176829,59.0911466157923],[10.855319201408175,59.09111464624364],[10.855291515562225,59.09109793516656],[10.855275387293336,59.091088247677305],[10.855169558551358,59.09103423875439],[10.855079784339319,59.090993421638686],[10.854991635480717,59.09095940019715],[10.85490026800593,59.09092743370039],[10.854883326409752,59.090921586542464],[10.854858939933777,59.09090938684367],[10.854824548251688,59.09088454843735],[10.854775586288804,59.090835685679394],[10.854772723784636,59.09083334617208],[10.85470179437134,59.090778295553484],[10.854624725391515,59.09071621477469],[10.854563853296023,59.0906516850015],[10.854503390112667,59.09057943546115],[10.854440448804,59.090510343578394],[10.854388050031226,59.09046101100243],[10.854358470428068,59.09044118194036],[10.854316851830855,59.090426992004595],[10.854262862575697,59.090409618751266],[10.854197203242217,59.09039627790624],[10.854158299949908,59.090392874880656],[10.85413597806754,59.0903939588345],[10.854103648269584,59.09039544182615],[10.85404531316636,59.09040535393533],[10.853990321881776,59.09042229660923],[10.853952486541553,59.090440417752],[10.853916138739201,59.0904722538062],[10.853854506065742,59.0905354707153],[10.8537973861817,59.090596044623226],[10.853709144579733,59.090678461213024],[10.85363585912358,59.09073977648469],[10.853537377997062,59.0907999255958],[10.853488507077797,59.09082983212434],[10.853474440663009,59.09084790469201],[10.853394385474425,59.090829337084905],[10.853299323780577,59.090801926832754],[10.853204873500891,59.09077813274195],[10.853140162448206,59.0907685083014],[10.853074046497525,59.09075605144097],[10.853052579753518,59.090750059178205],[10.853000223251035,59.09071484426375],[10.852930447978647,59.0906560530603],[10.852879808593828,59.0905979643314],[10.85283801262928,59.09051875853961],[10.85281034804075,59.09043973537915],[10.852784585386928,59.09037677825182],[10.852746252986298,59.09032384903091],[10.852697157209919,59.09028190470137],[10.85265077545196,59.090249308650094],[10.85263552785043,59.09023668175446],[10.852630203100992,59.090227249871255],[10.852615176697343,59.090162208674734],[10.852591659158842,59.09012548910655],[10.852536826059618,59.09007463911052],[10.85245983521916,59.090006175348314],[10.85239432308846,59.089941046299494],[10.852333212800879,59.089868415236616],[10.852289775197484,59.089807139982156],[10.852258031099693,59.08974453070217],[10.852244614833488,59.08971820514508],[10.852202561322601,59.089620917601835],[10.852179504095997,59.08958906817735],[10.852118606843401,59.08952624472331],[10.852036478440342,59.08944826483011],[10.851965658382506,59.08938080756176],[10.85189330308436,59.089310154005126],[10.851824610818687,59.08925400436393],[10.851737748620845,59.089190618997904],[10.851726528941791,59.089182257129195],[10.851639610676736,59.08911500347753],[10.851574233985492,59.089053115279455],[10.85150266301521,59.08898176725597],[10.851438132407125,59.08891433123992],[10.851374231764654,59.08884457752771],[10.851303515092912,59.088761837316284],[10.851268493622353,59.08870901360448],[10.851259223167592,59.08868309044608],[10.851248597426824,59.088623584956586],[10.851234513450885,59.0885868974637],[10.851221788937366,59.08857075451354],[10.85116299336228,59.088526700514876],[10.85105669060066,59.088453610400556],[10.851022590865172,59.08843651305894],[10.850938107600356,59.08840260603651],[10.85078018525542,59.088340270822286],[10.8507190919031,59.088310889343546],[10.850680146636108,59.08828329627378],[10.85063116241029,59.08823613944517],[10.850577551328376,59.08818101163059],[10.85055347749156,59.0881561428023],[10.850462157523472,59.088064649570924],[10.850377063149118,59.087979470034],[10.850338264557157,59.08793911336859],[10.850301958256754,59.08790126428147],[10.850225263532538,59.087818871376655],[10.850144119869887,59.08773570647478],[10.850068135666646,59.087659000978434],[10.850042472414689,59.087629944948446],[10.849996979589154,59.08757849377252],[10.84995185182388,59.087516803762036],[10.849919059553498,59.08745568877023],[10.849891369998248,59.08737405639234],[10.849867778973454,59.08728743005997],[10.849842601391183,59.08720381005938],[10.849834771468577,59.08718476659305],[10.84980641397196,59.087115880968796],[10.849784263756893,59.087039011785656],[10.849781953794272,59.08703066543262],[10.849762331605675,59.08694011997196],[10.849732395129463,59.08684384903186],[10.849698856129882,59.08674269706607]]}},{"type":"Feature","properties":{"source":"hvaler_tillegg"},"geometry":{"type":"LineString","coordinates":[[11.030245837805301,59.027053991293016],[11.030331658269619,59.02714599213775]]}},{"type":"Feature","properties":{"source":"hvaler_tillegg"},"geometry":{"type":"LineString","coordinates":[[11.030331658269619,59.02714599213775],[11.030392587929828,59.027198299370426]]}},{"type":"Feature","properties":{"source":"hvaler_tillegg"},"geometry":{"type":"LineString","coordinates":[[10.931355662438698,59.06841765761244],[10.931447321923939,59.06842512291008],[10.931510551568717,59.06842495151987],[10.931655735772255,59.068418363558],[10.931842828596514,59.06840733758148],[10.932011026675305,59.0684039897435],[10.932058495704226,59.06840125500488],[10.932127226597895,59.068397389886464],[10.932222733125714,59.068393017114026],[10.93233147984452,59.06839184744489],[10.932423481327959,59.06839347847834],[10.932455051430878,59.06839671790677],[10.932586665011394,59.06841919394956],[10.932721104372135,59.06844877177964],[10.932856577145145,59.06847847183388],[10.932955418121786,59.06849901908237],[10.932983965111974,59.0685056700212],[10.932998189762964,59.068510882115916],[10.933075435301244,59.06855601645131],[10.93309196177253,59.0685639082848],[10.933099798605397,59.068567031597496],[10.933189447460478,59.06858558164584],[10.933242894819703,59.06859724038019]]}},{"type":"Feature","properties":{"source":"hvaler_tillegg"},"geometry":{"type":"LineString","coordinates":[[11.071426165346972,59.01394112366558],[11.071492984848813,59.014058231847294],[11.071617771085537,59.01423104342479],[11.071767226905015,59.01440460385836],[11.07195718233387,59.014573100255454],[11.072130005039782,59.01470691206955],[11.072374808782099,59.01488516437495],[11.072756474475483,59.01514578832828],[11.072885332371142,59.015238706065865],[11.073022906383812,59.01536065799555],[11.073131837227207,59.01547544704664],[11.07323450388195,59.01560083454755],[11.0733714337738,59.01579109474004],[11.073541783186164,59.01596348876136],[11.073624762038067,59.016030738871244],[11.073785816435684,59.01613182506759],[11.074186617798354,59.01634717313599],[11.074242619760874,59.01639112790293],[11.074308360465182,59.01647044127521],[11.074348797938407,59.01654539068714],[11.074408579748612,59.0167243183276],[11.074451703594846,59.016942298965105],[11.07447704517452,59.01719390417694],[11.074543061789866,59.01745573393028],[11.074603765719054,59.01764188183181],[11.074667024933865,59.017866766571565],[11.074757674241237,59.018141930188605],[11.074867467298363,59.01837002452992],[11.074965375715227,59.01858157525015],[11.07502779032386,59.01867786927374],[11.075124606563152,59.01879049069131],[11.07523056021323,59.01888720619591],[11.07531150505237,59.018941806546614]]}},{"type":"Feature","properties":{"source":"hvaler_tillegg"},"geometry":{"type":"LineString","coordinates":[[11.10047481175217,59.02380131230515],[11.10037401221913,59.02385374568819],[11.100211738683981,59.02393471407244],[11.100147051250774,59.02395775803005],[11.099992894938312,59.024013258186116]]}},{"type":"Feature","properties":{"source":"hvaler_tillegg"},"geometry":{"type":"LineString","coordinates":[[11.07737826062967,59.018996295874516],[11.077443201232999,59.01900932290369],[11.077554093159888,59.01903372236086],[11.077712326586669,59.01906953626361],[11.077805322844341,59.01909033625175],[11.077899627481383,59.01911189507179],[11.078407589240422,59.019231940714405],[11.079115374051906,59.019442100808256],[11.079255900275395,59.0194879850165],[11.079447684596536,59.01955070602751],[11.079747250571085,59.01965750916314],[11.080031037606817,59.019762035453866],[11.08004576616064,59.0197674264294],[11.080156429502386,59.0198061115719],[11.080262452878332,59.019844206533286],[11.080387609670597,59.0198842295599],[11.080441801508444,59.01989980639787],[11.080481060337643,59.019910255813116],[11.080563032175757,59.01992838226775],[11.080625195784354,59.019941323524755],[11.0806599979366,59.019948041686035],[11.080685815594054,59.01995098140457],[11.08071048844185,59.01995325710673],[11.080713769293313,59.01995353629022],[11.080767049523422,59.01995568950495],[11.080808412143018,59.01995532401266],[11.08086238686847,59.019954441447275],[11.080869755836542,59.01995403529967],[11.081066653316409,59.01994282681666],[11.08138241375476,59.01991975400984],[11.081628225200749,59.01990157488066],[11.08187019379148,59.019884987125124],[11.08207463267595,59.0198703193642],[11.082094306983414,59.01986902706026],[11.082180025634862,59.01986344107034],[11.082760115321907,59.01982490266152],[11.082996197567915,59.019815596741594],[11.083034534868654,59.01981576829611],[11.083098975541635,59.01981637038114],[11.083197574037436,59.019820164104374],[11.083369905851212,59.01983329205266],[11.083444640521801,59.019841487853746],[11.083466656241809,59.019844132127886],[11.083503891016473,59.01984939475862],[11.083530036348643,59.01985405201933],[11.083548158177821,59.019857207757916],[11.0835763787134,59.01986354610944],[11.08360070497212,59.01986886753834],[11.083774199653385,59.01991160888679],[11.083847199436677,59.019928922254806],[11.083858984318665,59.01993107701849],[11.08391537346956,59.019939616372994],[11.084045974469962,59.019948693400366],[11.084130673770808,59.019953594155744],[11.084322384429232,59.01996496973179],[11.084371720074767,59.019968080949624],[11.084593216352902,59.019988898415946],[11.084617501230587,59.019991521247334],[11.084690837646914,59.02000434906483],[11.084838757932244,59.02003130098519],[11.085021940825817,59.02006246629256],[11.085069264357202,59.020069472180836],[11.085298552763215,59.020099964186656],[11.08547707062435,59.02011390576499],[11.08565501453127,59.02012216572164],[11.085744506351968,59.02012172618258],[11.085837071400055,59.02011113038372],[11.085950107644656,59.020098366684685],[11.086107233220266,59.02007812578248],[11.086141277027751,59.020074660253734]]}},{"type":"Feature","properties":{"source":"hvaler_tillegg"},"geometry":{"type":"LineString","coordinates":[[11.073589109475662,59.01336836207729],[11.073764153742047,59.01338032717528],[11.074083280256216,59.01340520516421],[11.074260797840106,59.01341535661621],[11.074418430227057,59.013413396571636],[11.074699881622625,59.01338192791202],[11.074956480752366,59.013325340309734],[11.075179122464226,59.013247043837374],[11.075261442933682,59.01322526656034],[11.075320608249262,59.0132154635112],[11.075387406940562,59.013213623858526],[11.075639550276113,59.013228194829935],[11.075749553122103,59.013228114976755],[11.075867689570801,59.01321632429659],[11.07605691582939,59.013187989258135],[11.076235922754785,59.013148375558586]]}},{"type":"Feature","properties":{"source":"hvaler_tillegg"},"geometry":{"type":"LineString","coordinates":[[11.099274287560904,59.02231884172848],[11.09934423884745,59.022284718894724],[11.099399416183111,59.02225941083401],[11.09947109603635,59.02225617718279],[11.099675613831643,59.022283918623785],[11.099775574817231,59.02227884008194],[11.100111802599896,59.02220446353289],[11.100400017557623,59.0221690961532],[11.100545123397165,59.022119526336546],[11.100640333236045,59.02204867393829],[11.100729912170129,59.021965964265036],[11.100815214448053,59.02190560170922],[11.100942422964252,59.02184470370053],[11.101049716205916,59.021805681559464],[11.101121737167237,59.02175480810431],[11.101211241932532,59.0216711968567],[11.101256344709315,59.021613219027536],[11.101279609767865,59.02156177557963],[11.10130814259989,59.0214484569948],[11.101314086178808,59.021334457831614],[11.101238823058099,59.021152382006136],[11.101239295850808,59.021102049940204],[11.101289015844527,59.020894071335825],[11.101359720184677,59.020674767697265]]}},{"type":"Feature","properties":{"source":"hvaler_tillegg"},"geometry":{"type":"LineString","coordinates":[[11.04234325899312,59.03518098376136],[11.042076950939938,59.035210871105015],[11.041872472190231,59.03524156985311],[11.04152805876415,59.03528776817335],[11.041431408519832,59.035301534915696],[11.041081717453647,59.03534811009837],[11.040695641802545,59.035407686760735],[11.040463423550815,59.035455066653746],[11.04026006205169,59.035500272133284],[11.040108312087863,59.03553959406092],[11.03995530217613,59.03558076531776],[11.039633473846202,59.03566253368984],[11.039277992224248,59.035754779587585],[11.038998574387909,59.03582723518932],[11.038674981039971,59.03591065548582],[11.038348203699183,59.035986874877054],[11.038154737618159,59.036038493730224]]}},{"type":"Feature","properties":{"source":"hvaler_tillegg"},"geometry":{"type":"LineString","coordinates":[[11.012118126432362,59.03575811365393],[11.012041344859881,59.035698206389554],[11.011964504037556,59.03563730825408],[11.011763725149532,59.03549446049237],[11.011619864958762,59.035403805102774],[11.011534945114484,59.03533888156133],[11.011444101062814,59.03525435513272],[11.011385281152897,59.035197518396494],[11.011328186311408,59.035142353147606],[11.01122768900497,59.03506436210532],[11.011176790241299,59.0350204464957],[11.01108535229111,59.034915492217486],[11.011006039675138,59.0348278143968],[11.010938110726046,59.03475478285094],[11.010923082524878,59.03472644798549],[11.010882469438283,59.03459087272378],[11.010863803804062,59.03452322556986],[11.010847144159575,59.034438287872675],[11.010835507151649,59.034254425656556],[11.010835517544974,59.034254336068244],[11.010818444926224,59.03411732852767]]}},{"type":"Feature","properties":{"source":"hvaler_tillegg"},"geometry":{"type":"LineString","coordinates":[[11.0121927402441,59.035812649471374],[11.012280518397233,59.03589806983801],[11.012348345878424,59.035990068149225],[11.012413755901996,59.0361179553566]]}},{"type":"Feature","properties":{"source":"hvaler_tillegg"},"geometry":{"type":"LineString","coordinates":[[11.053592504999504,59.03578402676625],[11.053662296454876,59.03582490436345]]}},{"type":"Feature","properties":{"source":"hvaler_tillegg"},"geometry":{"type":"LineString","coordinates":[[11.005271862577262,59.03320063446084],[11.00519212831587,59.03316328868375],[11.00497006527553,59.03304485712593],[11.004840072696014,59.03296118504514]]}},{"type":"Feature","properties":{"source":"hvaler_tillegg"},"geometry":{"type":"LineString","coordinates":[[11.036564927627937,59.025074079834916],[11.0366795009544,59.025169384387375],[11.036781614704857,59.02520029318449],[11.036846868798495,59.025193930280466],[11.036916685634626,59.025193371243816],[11.036956635259354,59.025209878961086],[11.036996980796959,59.02523808674699],[11.037001079497827,59.02527516419416]]}},{"type":"Feature","properties":{"source":"hvaler_tillegg"},"geometry":{"type":"LineString","coordinates":[[11.051252101397585,59.038270757440394],[11.051398194340415,59.03819106166835],[11.051466262861993,59.038111772720065],[11.05153232507948,59.038005900115365],[11.051584920174887,59.03786994752597],[11.05166598786201,59.037727581020754],[11.051761707571938,59.037615600280134],[11.051898920596134,59.03749166886636],[11.052142465823989,59.03728332170536],[11.052336566647098,59.03712120648855],[11.0524843864441,59.03700209334808],[11.052641336950279,59.03688244935678]]}},{"type":"Feature","properties":{"source":"hvaler_tillegg"},"geometry":{"type":"LineString","coordinates":[[11.053662296454876,59.03582490436345],[11.053625412171773,59.03593957926094],[11.053608276825162,59.03598401002478],[11.053558398906612,59.03604623290968],[11.053484855470733,59.03609883346546],[11.053306964389357,59.036195812763204],[11.053294553342315,59.03622339522979],[11.053293930008385,59.03626985785605],[11.05334067145564,59.03642493320365],[11.053338266763381,59.03647475795657],[11.053318497447856,59.03651173605021],[11.053271529852688,59.03656226984333],[11.053172797475694,59.03663370179066],[11.052857314542377,59.03678348560785],[11.052641336950279,59.03688244935678]]}},{"type":"Feature","properties":{"source":"hvaler_tillegg"},"geometry":{"type":"LineString","coordinates":[[11.012413755901996,59.0361179553566],[11.012440307882105,59.03614170007361],[11.012455303671778,59.03615528872264],[11.012484850487034,59.03619081380676],[11.012507745085204,59.03622955046457],[11.012519526854527,59.03627837414313],[11.012522371997552,59.03632152798756],[11.012522005281886,59.03636530214891],[11.012521828387394,59.03640593535924],[11.012525132657013,59.036449642798914],[11.012541994879271,59.03649376792966],[11.012564842558767,59.03653591965013],[11.012591599431042,59.03658196795576],[11.0126151964342,59.03662818863336],[11.012631125428967,59.036668329022326],[11.012636196424287,59.03671334960191],[11.012627772540784,59.03675139112212],[11.012609795220719,59.0367966007368],[11.012586751466339,59.036838867102325],[11.012559857180475,59.03688425154698],[11.012527942762631,59.036929301511776],[11.012494350416963,59.03696926489863],[11.012446263623836,59.03700635419978]]}},{"type":"Feature","properties":{"source":"hvaler_tillegg"},"geometry":{"type":"LineString","coordinates":[[11.0399606539916,59.06611964723023],[11.039895510566271,59.06616980124791],[11.039830263639608,59.06622085114051]]}},{"type":"Feature","properties":{"source":"hvaler_tillegg"},"geometry":{"type":"LineString","coordinates":[[10.932802138689794,59.066810863669645],[10.932730272945513,59.066767516475736],[10.93268897023873,59.06673295158369],[10.932636233462167,59.06669173366472],[10.932587294225788,59.0666479376269],[10.932549917691906,59.066580228379834],[10.932482927215007,59.06649720292531],[10.932417610316442,59.06637646674471],[10.932319942357559,59.066312168404885],[10.932319779015216,59.0663120733614]]}},{"type":"Feature","properties":{"source":"hvaler_tillegg"},"geometry":{"type":"LineString","coordinates":[[10.924103483285984,59.05643590782046],[10.924037506762865,59.056449115968945],[10.923971356288513,59.05646231860832],[10.923911524110956,59.056481114916146],[10.923850059138944,59.05649896066116]]}},{"type":"Feature","properties":{"source":"hvaler_tillegg"},"geometry":{"type":"LineString","coordinates":[[10.931009786689636,59.06333814805969],[10.931009659929455,59.063384898630495],[10.93099450368916,59.063467141955876],[10.930958648619367,59.06354873483575],[10.930909305653962,59.06364249162213],[10.930895700894624,59.06373521355854]]}},{"type":"Feature","properties":{"source":"hvaler_tillegg"},"geometry":{"type":"LineString","coordinates":[[10.93100530895356,59.06516925723578],[10.93102163973824,59.06528782562797],[10.931040196056884,59.065352246655955],[10.931093518562381,59.06544743126598],[10.931180210107968,59.06554096697662],[10.931303511228773,59.065648240671905]]}},{"type":"Feature","properties":{"source":"hvaler_tillegg"},"geometry":{"type":"LineString","coordinates":[[10.944131366705511,59.05145489226335],[10.944213541809193,59.05140927390103],[10.944415374219021,59.05130950075692],[10.944502813026583,59.05124885199782],[10.944582577244782,59.0511807698137],[10.944699686267006,59.051105315785705],[10.944779492936162,59.051020601110146],[10.944812399322407,59.05094880319385],[10.944844587872627,59.05082393472789],[10.944870772544839,59.05069078611514],[10.944888274293767,59.050527694568565],[10.944916503332397,59.05042158357796],[10.94495133377912,59.05027431986212]]}},{"type":"Feature","properties":{"source":"hvaler_tillegg"},"geometry":{"type":"LineString","coordinates":[[10.930371478412866,59.05583285896683],[10.929986371089658,59.055902573723394],[10.929673620329154,59.055949386619794],[10.929458699897305,59.055949822631185],[10.92937719779507,59.05594824918614],[10.929246715449576,59.05594315757902],[10.92889485040853,59.05587814607746],[10.928629218680063,59.05579246806866],[10.928421584505786,59.055716705592744],[10.928361874880958,59.05567706442091],[10.928143795418718,59.05557310000593],[10.927949784528916,59.055486975647966],[10.927736128935145,59.0554487860035],[10.927530757596744,59.05545851039028],[10.92732181403482,59.05549689419418],[10.927099425300925,59.05557801287491],[10.927007583051617,59.05561360629306],[10.926786553426341,59.05569944269205],[10.926379852813627,59.05584669169837],[10.92589564901505,59.05602926407648],[10.925410802623315,59.05621720929676],[10.925050726220293,59.05634506187949],[10.924825590675404,59.05642716936611],[10.924695715215202,59.05644196306329],[10.92452301150743,59.05646170238604],[10.924320860304663,59.0564589353596],[10.924103483285984,59.05643590782046]]}},{"type":"Feature","properties":{"source":"hvaler_tillegg"},"geometry":{"type":"LineString","coordinates":[[10.931303511228773,59.065648240671905],[10.931433236328932,59.06575877309768],[10.931548228994327,59.06587576577435],[10.9315876390158,59.06594839453597],[10.931650449615468,59.06602688348671],[10.931775225760033,59.0661055209033],[10.931952253159675,59.066163141715194],[10.93213726783544,59.066227037321084],[10.932319779015216,59.0663120733614]]}},{"type":"Feature","properties":{"source":"hvaler_tillegg"},"geometry":{"type":"LineString","coordinates":[[10.9308783956792,59.06846820805807],[10.93093744051254,59.0684340983238],[10.931016858302113,59.068422567371705],[10.931131003329593,59.06840826126971],[10.931172423789112,59.06840794427211],[10.931230502303894,59.068408510297495],[10.931355662438698,59.06841765761244]]}},{"type":"Feature","properties":{"source":"hvaler_tillegg"},"geometry":{"type":"LineString","coordinates":[[10.910322707493311,59.097798297872934],[10.910465957798188,59.09780902335893],[10.910898434399682,59.097857918860505],[10.911060927041063,59.0978802203917]]}},{"type":"Feature","properties":{"source":"hvaler_tillegg"},"geometry":{"type":"LineString","coordinates":[[11.053592504999504,59.03578402676625],[11.053591134029876,59.03575341677736],[11.053593814872837,59.03573461816501],[11.053603457015292,59.03571899871514],[11.053622128719413,59.03570221607211],[11.053650217770418,59.035685450839345],[11.05368664203322,59.03566597282443],[11.053733905050398,59.035646285824924],[11.053806155052163,59.035615582884866],[11.053930565635628,59.035565072437066],[11.054001154803442,59.0355245189605],[11.054120226238354,59.035443007668064],[11.054190301833795,59.035405405351646],[11.054261996710625,59.03537801178777],[11.054323968622949,59.03534870347059],[11.054390816916655,59.03530425969036],[11.054437581049728,59.03526306961406],[11.054470210301748,59.03522801180902],[11.054560491580784,59.03510399586147],[11.054650985249095,59.034965960940035],[11.054677945107413,59.03488757520975],[11.054702625544536,59.03480777139871],[11.054719733628923,59.03477116154913],[11.054746076610185,59.03474831915112],[11.054796151467475,59.03470866838495],[11.054974053516803,59.03457347738474],[11.05518794699316,59.034401262835026],[11.055377206721992,59.034229376084454],[11.055557162436946,59.03405342947791],[11.055607973477406,59.0340103844278],[11.055644346119012,59.033986768650095],[11.055694667761488,59.0339586331079],[11.05576755809641,59.033925341401364],[11.055922942806086,59.03385257728223],[11.056043672489162,59.03378541004711],[11.056096330233657,59.033747545757265],[11.056120244147145,59.03371393024024],[11.05614011917125,59.03368055127398]]}},{"type":"Feature","properties":{"source":"hvaler_tillegg"},"geometry":{"type":"LineString","coordinates":[[11.09545101801961,59.02117790831454],[11.095467684068208,59.021187761252065],[11.09548634373574,59.021198483481676],[11.095517620356791,59.021216329235656],[11.095567084466406,59.02124137667915],[11.095669437275252,59.02129202435427],[11.095680939631592,59.0212982151905],[11.095763480368158,59.02134215151396],[11.09584392417235,59.02138305766945],[11.095902856894535,59.0214137849128],[11.09596073698697,59.021444570274014],[11.096007095302188,59.021470872400826],[11.096078525351448,59.021512855024625],[11.096194066377866,59.02158251033111],[11.096294955344469,59.021643002792004],[11.09636134509454,59.021681776445696],[11.09642232422689,59.02171445315741],[11.096466208015642,59.02173798332764],[11.096493916033365,59.02175194519278],[11.096515039504876,59.02176247186997],[11.096556537749393,59.0217793670283],[11.096598075741326,59.02179437538002],[11.096666643362322,59.021817031775484],[11.096836512257351,59.02187043423605],[11.097001341557101,59.02192215608801],[11.09721897404796,59.021989495334566],[11.097344904800215,59.02202907522577],[11.097407930275516,59.02204679913652],[11.097441748209516,59.02205609021713],[11.097484510465119,59.02206646016701],[11.097531822118013,59.02207822595982],[11.097556275143226,59.022083998034226],[11.097638320520174,59.02209851943026],[11.097685987959874,59.02210714924359],[11.097716817521947,59.02211050635291],[11.097746174665607,59.02211300991451],[11.097768703156465,59.02211422869745],[11.09779360238048,59.022114530019074],[11.097876821678625,59.02211101589821],[11.097899277016626,59.02210980503664],[11.09791033600094,59.02210914956572],[11.09798425223915,59.02210310724166],[11.098079448067203,59.02209545891368],[11.098129570640756,59.0220916658966],[11.098169851609994,59.022090093433526],[11.098198450695985,59.022090056715356],[11.098278097106737,59.0220934471411],[11.09829553561398,59.02209496188297],[11.098307985738234,59.02209587669548],[11.098342271369946,59.022101046040355],[11.09841868552648,59.022116026477136],[11.098530462679639,59.02214205242002],[11.098616079555107,59.02216198521435],[11.098757023368341,59.02219527349231],[11.09894620856478,59.022238287103484],[11.099124321866354,59.02227746040444],[11.099180344091764,59.02229083671861],[11.099195770796088,59.02229471810585],[11.099221451858693,59.0223019653425],[11.099274287560904,59.02231884172848]]}},{"type":"Feature","properties":{"source":"hvaler_tillegg"},"geometry":{"type":"LineString","coordinates":[[11.071426165346972,59.01394112366558],[11.071312324784193,59.013976326383585],[11.07094463473644,59.01414317422904],[11.070681180535011,59.014252050866],[11.070522269497207,59.01431555302425]]}},{"type":"Feature","properties":{"source":"hvaler_tillegg"},"geometry":{"type":"LineString","coordinates":[[11.036185722080189,59.02495844204312],[11.035944699117811,59.02495870113554],[11.035632030527456,59.024976904167744],[11.03534798003417,59.024988880555654],[11.03497180031367,59.02499983161586]]}},{"type":"Feature","properties":{"source":"hvaler_tillegg"},"geometry":{"type":"LineString","coordinates":[[10.933184690772594,59.06868766272489],[10.933105410592518,59.06871277610768],[10.933059680461158,59.068730311490604],[10.932970790873428,59.06878200683763],[10.932826805777946,59.06892440179045],[10.932708190204167,59.06903540473522],[10.932531514682017,59.06920905125486],[10.932480488964181,59.06925654080628],[10.932460289016532,59.06926786470224],[10.932413089524568,59.06928895022538],[10.932365359720269,59.069307141875626],[10.932301756277207,59.069325194561415],[10.932143989811427,59.06936573466878],[10.931963445087145,59.06941724768469],[10.931846612710576,59.06943947237449],[10.931727714274611,59.06945407940487],[10.931505812532968,59.069475880212124],[10.931417072967356,59.06947911642895],[10.931383291109107,59.069478324828914],[10.9313677146727,59.069475677553996],[10.931350025248094,59.06947170511614],[10.931332894285163,59.06946154625595],[10.931314467733516,59.06946968884766],[10.931193822200758,59.06949314184622],[10.93106608448614,59.06951160653416],[10.930917009326295,59.06951267691722]]}},{"type":"Feature","properties":{"source":"hvaler_tillegg"},"geometry":{"type":"LineString","coordinates":[[10.932652261142211,59.05528907997207],[10.932632237323297,59.05529456495636],[10.932487228889508,59.0553310993109],[10.932440784730145,59.05535481567598],[10.932279503667962,59.0553902091701]]}},{"type":"Feature","properties":{"source":"hvaler_tillegg"},"geometry":{"type":"LineString","coordinates":[[10.905624433466802,59.098345219091414],[10.905624259357092,59.09834521358956],[10.905531132059323,59.098342090910094],[10.905396887527944,59.09833497138298],[10.905292839326199,59.09831792643871],[10.905207890265578,59.098291684407556],[10.905109862766635,59.09824470848361],[10.905037136022456,59.09820392692664],[10.904988263554968,59.09816974363475],[10.904936323727249,59.098120267954194],[10.90488214083111,59.09806469713427],[10.904826362021321,59.098010784208206],[10.904751731045558,59.09795375781117],[10.904665747124898,59.09788935925307],[10.904619626127202,59.09785409389309],[10.904597092755148,59.09783351071348],[10.904575143606804,59.09780071772339],[10.90454510565607,59.09772882630444],[10.904516299755857,59.09764222796092],[10.904487921176615,59.09756229673396],[10.90446305030941,59.09748957956278]]}},{"type":"Feature","properties":{"source":"hvaler_tillegg"},"geometry":{"type":"LineString","coordinates":[[10.932279503667962,59.0553902091701],[10.931891367036243,59.05548411065102],[10.931496272366486,59.055577792354306],[10.931040098644319,59.05567135154915],[10.930621225428187,59.05577417374204],[10.930371478412866,59.05583285896683]]}},{"type":"Feature","properties":{"source":"hvaler_tillegg"},"geometry":{"type":"LineString","coordinates":[[10.933700082651939,59.06848473049252],[10.933759054385089,59.068511667766494],[10.933764300873941,59.06851749698706],[10.933765925927673,59.068522942758506],[10.933745105234909,59.06853361796038],[10.93356110493377,59.068583406144505],[10.9333938579463,59.06862589779109]]}},{"type":"Feature","properties":{"source":"hvaler_tillegg"},"geometry":{"type":"LineString","coordinates":[[11.0121927402441,59.035812649471374],[11.012164991850655,59.03579471188825],[11.012158735366363,59.03578849524497],[11.012118126432362,59.03575811365393]]}},{"type":"Feature","properties":{"source":"hvaler_tillegg"},"geometry":{"type":"LineString","coordinates":[[11.036564927627937,59.025074079834916],[11.036494594899864,59.02506095695272],[11.036381453611389,59.025037981627186],[11.036312886262673,59.025018619198235],[11.036257704232634,59.0249950814546],[11.036185722080189,59.02495844204312]]}},{"type":"Feature","properties":{"source":"hvaler_tillegg"},"geometry":{"type":"LineString","coordinates":[[11.071426165346972,59.01394112366558],[11.071558295088558,59.01392895259195],[11.071599559245863,59.01392022596692]]}},{"type":"Feature","properties":{"source":"hvaler_tillegg"},"geometry":{"type":"LineString","coordinates":[[10.844396449206036,59.09383961425962],[10.84444795369688,59.093842884858724],[10.844518281192832,59.093850895386645],[10.844562422177349,59.09386013402212],[10.84463157872427,59.093880695309636],[10.844681390542922,59.09389793857473],[10.844695677278681,59.09390406158711],[10.844717189691567,59.09391545170918],[10.84475683073709,59.09393731415722],[10.844781889316316,59.09394683983337],[10.844865267399163,59.093972622728465],[10.8448901293276,59.09397944456541],[10.844932410483699,59.09398961250585],[10.844979815305308,59.093997876668794]]}},{"type":"Feature","properties":{"source":"hvaler_tillegg"},"geometry":{"type":"LineString","coordinates":[[11.019338720466571,59.03110556550116],[11.019228872403389,59.03102090967997],[11.018951411684931,59.03080972173943],[11.018733806512827,59.03066456899398],[11.018484783678304,59.0305271703806],[11.018297962605251,59.030420455656696],[11.018273616075774,59.03041080567186],[11.018243225847945,59.03040213854279],[11.018238248164346,59.030401445943944]]}},{"type":"Feature","properties":{"source":"hvaler_tillegg"},"geometry":{"type":"LineString","coordinates":[[11.071599559245863,59.01392022596692],[11.0716654919416,59.0139061347411],[11.071762778232499,59.013863236655595],[11.071849059735,59.013808316648515],[11.071966139484525,59.013761524084806],[11.072124226108235,59.013720471635544],[11.072290006496738,59.01368684501688],[11.07289741249673,59.01355783780327],[11.073040168540565,59.01352890572742],[11.073185244142492,59.01349644767498],[11.07328184190885,59.013473306838286],[11.07337776537284,59.013443852075774],[11.073464522487745,59.01341681622622],[11.073560680794738,59.01338377223771],[11.073589109475662,59.01336836207729]]}},{"type":"Feature","properties":{"source":"hvaler_tillegg"},"geometry":{"type":"LineString","coordinates":[[11.076235922754785,59.013148375558586],[11.076368987158533,59.01311725795607],[11.07648542627724,59.01309588527239],[11.076610132417438,59.01308150608774],[11.07670383554226,59.01306843429501],[11.076822787922769,59.01304488989069],[11.076913945463025,59.01301591740617],[11.077099324946177,59.01294790585699],[11.077171956578741,59.01292853078858],[11.077242943781977,59.01292052380826],[11.077287281606617,59.012918451705076],[11.07739220518386,59.012921632877955],[11.07747128676208,59.012931312828535],[11.07750273956492,59.012935233286214],[11.077591222477345,59.012948075160686],[11.07777846160757,59.01301362852945],[11.077779136046717,59.01301382878615],[11.07794759747316,59.01311414544785],[11.078394998142933,59.0134268222985],[11.078629712838318,59.0135438906148]]}},{"type":"Feature","properties":{"source":"hvaler_tillegg"},"geometry":{"type":"LineString","coordinates":[[11.08963121883896,59.02022674268778],[11.089653008059926,59.0202237150524],[11.089674439586815,59.02022076650892],[11.089720001883999,59.02021719859742],[11.089754302024259,59.02021607739026],[11.089828166483533,59.02021507287838],[11.089867383297355,59.0202151790698],[11.089929454835008,59.02021822347514],[11.089962121238512,59.02022073893875],[11.089998733079781,59.02022382313563],[11.090047109958414,59.02022924072182],[11.090096192050696,59.020234589693594],[11.09012993289223,59.02023992462489],[11.090177124753138,59.020246565021196],[11.09023859636826,59.02025642390594],[11.090554551779212,59.02030831514819],[11.09074164568509,59.02033887114484],[11.090817305150617,59.02035122618139],[11.090933429904704,59.0203665117975],[11.091006398202648,59.02037186276442],[11.09116410878208,59.02038175147694],[11.091265724941469,59.02038509072639],[11.091390921651573,59.02039112006879],[11.091454291380737,59.02039348370912],[11.091487335391399,59.02039421209521],[11.091528383050697,59.02039662069499],[11.09154770114058,59.020398462855795],[11.091598715392266,59.02040368979862],[11.09163392811,59.02040834954949],[11.091914945363152,59.020445516627085],[11.092218490436533,59.0204839028364],[11.092323450630298,59.02049003937156],[11.092366491192633,59.020491788647945],[11.092427376190706,59.020491469539344],[11.09259742918719,59.020490940648536],[11.092614170800735,59.020490906756216],[11.093011960589099,59.02048547642016],[11.093142315029556,59.02048293904123],[11.093159444847984,59.020482557180934],[11.093479380852562,59.02047333635081],[11.093754274064043,59.0204646430087],[11.093791497698957,59.02046387869448],[11.093905326544549,59.020464078249425],[11.093942686602432,59.02046979113382],[11.093981520615461,59.02047941439288],[11.093994104777956,59.02048375005136],[11.09415551408988,59.02054400334522],[11.094621892322227,59.02071154670827],[11.094836946602031,59.020813785229436],[11.094851106744605,59.020821135208045],[11.09492582527862,59.02086330767088],[11.095196969174115,59.02102747418921],[11.095228491324033,59.02104622647263],[11.095245484427164,59.02105626911935],[11.09545101801961,59.02117790831454]]}},{"type":"Feature","properties":{"source":"hvaler_tillegg"},"geometry":{"type":"LineString","coordinates":[[10.84357429747467,59.09376279610229],[10.843597954213523,59.09377956032395],[10.843633829064933,59.093797885454556],[10.843650009078978,59.09380568783594],[10.843681692050337,59.093812458998464],[10.843727365176994,59.09381626213871],[10.843765890039997,59.093818487177984],[10.843924818058534,59.093820708426755],[10.844085759882793,59.09382650084597],[10.844147143525598,59.09383188682234],[10.844275023674658,59.09384084452147],[10.844351799588086,59.09383890136786],[10.844390204265128,59.093839234107215],[10.844396449206036,59.09383961425962]]}},{"type":"Feature","properties":{"source":"hvaler_tillegg"},"geometry":{"type":"LineString","coordinates":[[10.908481392746626,59.09755665207388],[10.908384622530946,59.09753867054695],[10.908316369314685,59.0975248263926],[10.908246549200312,59.09751093271824],[10.908179649310888,59.09749892949934],[10.908110755028622,59.09749045980278],[10.90804196765557,59.0974810943094],[10.907969765435839,59.0974725200659],[10.90790097814022,59.09746315449853],[10.907668442979826,59.097447897768966]]}},{"type":"Feature","properties":{"source":"hvaler_tillegg"},"geometry":{"type":"LineString","coordinates":[[10.944131366705511,59.05145489226335],[10.944084681976078,59.05148076290075],[10.943978320422255,59.05155385578602],[10.943859363710278,59.05163015045021],[10.943766358744302,59.051767499187264],[10.943725483289162,59.05186242432756],[10.94366152076808,59.05197550760476],[10.943536698463127,59.052086683917516],[10.94338831850902,59.05220521403901],[10.943264154238909,59.052251674074746],[10.943099970665545,59.05235622187487],[10.942992685943608,59.052481434100365],[10.942908195526543,59.05261904915135],[10.942879277125456,59.05271614703754],[10.94286296252286,59.052826227590415],[10.942797057826828,59.05291137692288],[10.942720990500405,59.052979124446516],[10.942663918959711,59.053023460735545],[10.942574977402199,59.053092333212255],[10.942520047017428,59.05314365977896],[10.942461744472997,59.0531939815171]]}},{"type":"Feature","properties":{"source":"hvaler_tillegg"},"geometry":{"type":"LineString","coordinates":[[10.930895700894624,59.06373521355854],[10.930893742335192,59.063844575654315],[10.930897082769087,59.06395194636547],[10.930911365043105,59.064053906509415],[10.93092994752617,59.06417704132883],[10.930929926298758,59.064177220487],[10.93093083040771,59.06429926029889],[10.930935532226087,59.06446439767168],[10.930955526515286,59.06460214268262],[10.930970877493387,59.064739292213716],[10.930970408973145,59.06486407617452],[10.930984031163959,59.065027605676036],[10.930995178900991,59.06510150447453],[10.93100530895356,59.06516925723578]]}},{"type":"Feature","properties":{"source":"hvaler_tillegg"},"geometry":{"type":"LineString","coordinates":[[10.932279503667962,59.0553902091701],[10.932317800853754,59.05547952675753],[10.932285564280315,59.055530663230876],[10.932133713271158,59.05561760302393],[10.93198863490654,59.05570925108695],[10.931950794569302,59.055762009666864],[10.931957940622945,59.05588001971899],[10.931992650262728,59.05604385214153],[10.932080038838157,59.056234515253124],[10.932158585230786,59.0564114135805],[10.93222486899421,59.05661669859527],[10.932249811173564,59.05668761405728],[10.932396012384787,59.05688282203675],[10.932484467955284,59.05699079873155],[10.932565353411205,59.05707426114103],[10.932717455335096,59.05720491701523],[10.932806375159746,59.057307513281216],[10.932839356268124,59.05741374701722],[10.932872163657843,59.05751997528284],[10.932906155644439,59.057570494969106],[10.932897865324072,59.057686221729504],[10.932909443533687,59.05778009447698],[10.93297968504968,59.05786502046119],[10.93314697343544,59.057969178996224],[10.933222503466043,59.058030084473856],[10.933318126628189,59.05814538869948],[10.93335624271575,59.058223011528725],[10.933435966566336,59.05831632717623],[10.933633502541996,59.05843042627278],[10.933768286448256,59.05854525167126],[10.933810433994735,59.058662562439714],[10.933780063607358,59.058830644132904],[10.933731601056872,59.0589451092609],[10.933697115095592,59.05904472819825],[10.933700954592178,59.059203993890584],[10.933745792228452,59.0593708410144],[10.93378290972823,59.059499682419236],[10.933829592823939,59.059591960091026],[10.933868429070252,59.059750526551916],[10.93384465346358,59.05983339850652],[10.933753341169554,59.05992493899874],[10.933595267862183,59.06003776000716],[10.933491020540208,59.06010731510136],[10.933403906462308,59.060148636230515],[10.933485140484299,59.0602734685448],[10.93353424167658,59.06037481350588],[10.93355452263118,59.060485143690414],[10.933535751103044,59.06064369925828],[10.933483339499071,59.06082097906518],[10.933380275872059,59.061072194534916],[10.933349646340387,59.0612276802926],[10.933341329827075,59.06143062133354],[10.933325866105067,59.0615317367814],[10.933255317294813,59.06164101252244],[10.93310535302362,59.06180174142149],[10.932953797779984,59.06190217881821],[10.932735511140606,59.062005914693344],[10.932483411206931,59.062144553055774],[10.932143937593228,59.062328099728504],[10.931889923013594,59.06248286113808],[10.93172635641414,59.06256673559148],[10.931698462961874,59.06260766855238],[10.93165448538824,59.062672372550615],[10.931621387211555,59.06280440323319],[10.931582438599472,59.06286791653295],[10.93148454066128,59.06295745051462],[10.931308261514936,59.06302923642945],[10.931206951466207,59.063119562134716],[10.931124429123214,59.063226662410116],[10.931009786689636,59.06333814805969]]}},{"type":"Feature","properties":{"source":"hvaler_tillegg"},"geometry":{"type":"LineString","coordinates":[[10.942461744472997,59.0531939815171],[10.942404526408945,59.053176004044936],[10.94236743453358,59.05316495118833],[10.94232942823448,59.053160163505986],[10.942291134953557,59.053160761542365],[10.942238862459913,59.05316002229682],[10.9421835353818,59.053155590805545],[10.942127527423427,59.05314214673992],[10.942084220727216,59.053124605156356],[10.942045555663427,59.05309731871688],[10.942028709493162,59.05306262408416],[10.942021086777169,59.05302372295103],[10.942022521941373,59.05299679430711],[10.94202559018095,59.0529708159725],[10.942032385488211,59.052941357978],[10.94204822294266,59.05291218340637],[10.942089983237539,59.052854150378806],[10.942139802958646,59.052801764680595],[10.942157877725169,59.052765467257395],[10.942174138172067,59.052732709448314],[10.942160558173871,59.05269991544673],[10.94212874317461,59.05267374285129],[10.942074428794974,59.05264596589441],[10.942025436888985,59.0526174566248],[10.94198638693863,59.05259195633189],[10.941931823480871,59.05256776798674],[10.941883935842958,59.052544687999266],[10.94183583666078,59.052523399603736],[10.941784259827125,59.05250200217549],[10.941727889722584,59.05247685798438],[10.941681847009905,59.05245293662898],[10.941647908246463,59.05242849557],[10.94159798689843,59.052394562261135],[10.94153308862432,59.05235296645083],[10.941486940399855,59.052329940833346],[10.94143103987246,59.052315600679286],[10.94136574220685,59.05230546150436],[10.941288129103691,59.052297633560684],[10.94125721542988,59.05229486614327],[10.941129688434163,59.05228259604834]]}},{"type":"Feature","properties":{"source":"hvaler_tillegg"},"geometry":{"type":"LineString","coordinates":[[11.00327409516489,59.03214779842417],[11.003166790487954,59.032106093413006],[11.003072912996725,59.03208242516601],[11.002935657186404,59.03206281166728],[11.002779088715513,59.03203828589365],[11.002609860737968,59.03201013218046],[11.002373040490339,59.03197827202026],[11.002221676903362,59.031958491695114],[11.002004994086038,59.03193345662823],[11.001837340373058,59.031920275428035],[11.001671446720161,59.03191595947954],[11.001636618773551,59.03191847984065]]}},{"type":"Feature","properties":{"source":"hvaler_tillegg"},"geometry":{"type":"LineString","coordinates":[[11.033966036213329,59.023010375055755],[11.034095465807322,59.02309013398595],[11.034154934403208,59.023132414977105]]}},{"type":"Feature","properties":{"source":"hvaler_tillegg"},"geometry":{"type":"LineString","coordinates":[[11.005495421538974,59.03402094068043],[11.005485019904484,59.033942308975156],[11.005476580209438,59.03388432696435],[11.00546497965085,59.03379199209482],[11.005456918729614,59.03370372246362],[11.005454968079096,59.033627419489726],[11.00544684687786,59.03354867834115],[11.005438786197992,59.033505453084956],[11.005434417133472,59.03349201171427],[11.005408519324689,59.033456687356576],[11.00534904947471,59.03337402368428],[11.005300694912808,59.03330078386359],[11.00527678310105,59.03325437206457],[11.005270688603709,59.03323476362122],[11.005269199326229,59.03322806439172],[11.005267002362642,59.03321244233378],[11.005271862577262,59.03320063446084]]}},{"type":"Feature","properties":{"source":"hvaler_tillegg"},"geometry":{"type":"LineString","coordinates":[[11.004840072696014,59.03296118504514],[11.004882370870366,59.03286134318382],[11.004938588124272,59.032784318310696],[11.004987040336756,59.032709571173044],[11.005014615550362,59.03264937419679],[11.005035486698194,59.03254779197247],[11.005031262735425,59.03235894268812],[11.005054948361437,59.032315708344576]]}},{"type":"Feature","properties":{"source":"hvaler_tillegg"},"geometry":{"type":"LineString","coordinates":[[11.046622061574507,59.03731702903814],[11.046842833785842,59.03738895434307],[11.047016124833378,59.03742931041992],[11.047234014129797,59.0374899086383],[11.04747528966735,59.03763843014141],[11.047672560495624,59.0377433513254],[11.047805707458863,59.03785980026771],[11.04796018096506,59.038033541432476],[11.048047914438277,59.038165685766735],[11.048081210565385,59.03829185247287],[11.048444568852757,59.03825250812128],[11.048733984374712,59.0382372482394],[11.049028931135593,59.03823609208136],[11.049343677906695,59.03824479996322],[11.049633367173136,59.0382590358038],[11.049938804940142,59.038272852521615],[11.050272159797744,59.038286621322065],[11.05045980068658,59.03829324598966],[11.05068558288078,59.03830193318924],[11.050933687282326,59.03831220009261],[11.051037398204494,59.03831293671154]]}},{"type":"Feature","properties":{"source":"hvaler_tillegg"},"geometry":{"type":"LineString","coordinates":[[11.046622061574507,59.03731702903814],[11.046568746917897,59.03731495109359],[11.046392398581816,59.03729967491234],[11.046006358591287,59.03729057995508],[11.045625481853248,59.037294228540084],[11.045568600636392,59.03728979354872],[11.045509305512681,59.0372744959623],[11.045349847487548,59.037204891199046],[11.045247140870115,59.037171184821794],[11.04516031017268,59.03715414667672],[11.044996736136591,59.03714914863192]]}},{"type":"Feature","properties":{"source":"hvaler_tillegg"},"geometry":{"type":"LineString","coordinates":[[11.03575554059271,59.024176016389596],[11.035734429012718,59.024108028967106],[11.035714989478306,59.02405276971142]]}},{"type":"Feature","properties":{"source":"hvaler_tillegg"},"geometry":{"type":"LineString","coordinates":[[11.031199199815013,59.02664016821131],[11.031199210152256,59.026640078620694],[11.031306014094577,59.02657592339752],[11.03151626218786,59.026460096744756],[11.031859950298669,59.02626384847606],[11.032073468816714,59.02612114899021],[11.032356325385013,59.025951804695744],[11.03254425308123,59.025834393081034],[11.032728084121759,59.025722250078616],[11.032659976302053,59.025662621191366],[11.03262836006608,59.025620743943755]]}},{"type":"Feature","properties":{"source":"hvaler_tillegg"},"geometry":{"type":"LineString","coordinates":[[11.037765503866941,59.03575146270496],[11.03793619990034,59.03587473626423],[11.038154737618159,59.036038493730224]]}},{"type":"Feature","properties":{"source":"hvaler_tillegg"},"geometry":{"type":"LineString","coordinates":[[11.101359720184677,59.020674767697265],[11.101456009277637,59.02047277720457],[11.101529730440054,59.02031146264485],[11.10156031923509,59.02016305345907],[11.101581190933434,59.01997883939619],[11.10159725059203,59.01983709491113],[11.101654489727641,59.019696591029955],[11.101798502672034,59.01959807927146],[11.101956963749316,59.01950899301984],[11.102148833131686,59.019378927738245],[11.102366589190506,59.019274275661544],[11.10251863326706,59.01924181486331],[11.102831992759402,59.01917968929289],[11.102937544405679,59.01913593831407],[11.103085275436658,59.01909228877712],[11.103266323359001,59.019022311575746],[11.103335038956674,59.01896513413324],[11.103488949095379,59.0188314964939],[11.103715969776527,59.018729638582194],[11.103930322727132,59.01869653506067],[11.104111269236068,59.01870441055758],[11.104449668416011,59.01867513083162],[11.104807105769238,59.01860857376461]]}},{"type":"Feature","properties":{"source":"hvaler_tillegg"},"geometry":{"type":"LineString","coordinates":[[11.071426165346972,59.01394112366558],[11.071384898610626,59.01376815075568],[11.071333836627758,59.01345193033082],[11.071346831618081,59.013277008816445],[11.07137883422651,59.01308827955816],[11.071374559721804,59.01291193459344],[11.071359863980618,59.01271998921116],[11.07133821840277,59.01254311675409],[11.071261335585143,59.01223779989217],[11.071208906742417,59.012026727490664],[11.071140263575233,59.011803474918324],[11.071077548356474,59.01157410890906],[11.070982688802212,59.01124307223828],[11.070951409259097,59.01107579669274],[11.070991422956226,59.01078481825033],[11.070904262327689,59.01052683890505],[11.070871577656991,59.0104161612544],[11.070888650876489,59.010327673090586],[11.07097929150183,59.01023602482873],[11.071292101899433,59.01005941958623],[11.071469661383174,59.00997130955062],[11.071626028797956,59.0098825557932],[11.07182845240075,59.00971248705127],[11.07208747588459,59.00958099783562],[11.072159075101544,59.00950495373485],[11.072172362765823,59.00943433167111],[11.072110263247607,59.00912317068333],[11.07211252344341,59.008950620380794],[11.072134716298343,59.008649211070036],[11.072095834535272,59.008438550277],[11.072116959862809,59.008346588819705],[11.07217111904547,59.00822326427808],[11.072234561953636,59.008146882639764],[11.072346866114067,59.0080119274341],[11.072453537396477,59.00791716878522],[11.072495941774367,59.00785102690157],[11.072533239350141,59.00775326298129],[11.072611234398632,59.00758750720794],[11.072654325300457,59.00747103894847],[11.072632361923853,59.007419125938966],[11.072416594739607,59.00721748003207],[11.072287495281744,59.00706431700662],[11.07220188512717,59.00697450920011],[11.072009492260582,59.006722325942086],[11.071942171913978,59.00662498176348],[11.071913367358615,59.00654139386656],[11.071917460063206,59.00645970393541],[11.071965994044477,59.006385656841296],[11.07231684786609,59.00609063041824],[11.072501469225504,59.00590833281764],[11.072622026741735,59.005829279707335],[11.072799284758434,59.00574205820876],[11.07308228047494,59.00565984442263],[11.073149709094766,59.00563402051782],[11.073181125137104,59.0056091712409],[11.07319551009858,59.00559765044757],[11.073214891505069,59.00556677179215],[11.073197628793583,59.00548892891057],[11.07311174352897,59.00541529633399],[11.072820864455782,59.00524733302585],[11.07276089809197,59.00519246817784],[11.072737097665309,59.00512611447035],[11.072762028243234,59.0050603411284],[11.072952873057732,59.00488452535581],[11.073093143631825,59.00478539202334],[11.073176304865354,59.00471329477469],[11.07325970286126,59.00457647258677]]}},{"type":"Feature","properties":{"source":"hvaler_tillegg"},"geometry":{"type":"LineString","coordinates":[[11.07531150505237,59.018941806546614],[11.075402118337427,59.01898042720454],[11.075504076134951,59.01900518681119],[11.07556180039579,59.01901269150801],[11.075635192267756,59.019014288071894],[11.07575646591485,59.01900421055746],[11.075872792504635,59.01897941822299],[11.076166224672566,59.01891819055351],[11.076336206468923,59.01888001067586],[11.076389872611296,59.018871119070354],[11.076474536793297,59.0188640664324],[11.076557566149745,59.01886676385677],[11.076732956182774,59.01887594778324],[11.07686756760481,59.0188865023561],[11.07694843101028,59.018900551839934],[11.077066047192481,59.01892560512613],[11.077195519452518,59.01895677168206],[11.077306380384593,59.018981440134965],[11.07737826062967,59.018996295874516]]}},{"type":"Feature","properties":{"source":"hvaler_tillegg"},"geometry":{"type":"LineString","coordinates":[[11.099274287560904,59.02231884172848],[11.099370905700527,59.02237093171366],[11.099435517922982,59.02243311511076],[11.099461535424018,59.02251121695189],[11.099512075331846,59.02286516478788],[11.099540269802691,59.02298558719065],[11.099600748083411,59.02308270850787],[11.099782108394624,59.02326708402118],[11.099829803396396,59.02335393046964],[11.099849593497792,59.023440834928195],[11.099901881653867,59.02351793031201],[11.099949950567277,59.02355534067568],[11.100345260111146,59.02374436495259],[11.10047481175217,59.02380131230515]]}},{"type":"Feature","properties":{"source":"hvaler_tillegg"},"geometry":{"type":"LineString","coordinates":[[11.06474318305159,59.01645228931265],[11.06474010928183,59.016479167628084],[11.064740208918384,59.0165225053551]]}},{"type":"Feature","properties":{"source":"hvaler_tillegg"},"geometry":{"type":"LineString","coordinates":[[10.920621834104255,59.05228663179328],[10.920262110906606,59.05247049769422],[10.920164011005772,59.05258231529912],[10.920039507377911,59.05267837512117],[10.919717447421867,59.052843375948015],[10.919625877374683,59.05286638485881],[10.919554328214305,59.05292949667759],[10.919403109374093,59.053003584284454],[10.919270050577246,59.05330536513639],[10.919216415103886,59.05334107841666],[10.919199187135808,59.0533524039224]]}},{"type":"Feature","properties":{"source":"hvaler_tillegg"},"geometry":{"type":"LineString","coordinates":[[11.025407912579553,59.031075511840335],[11.02544701720239,59.03109028887902],[11.025450172133674,59.031093172915014],[11.025573549090053,59.03113031770149],[11.025916594700272,59.03118787396028],[11.026264092104869,59.031243138463616]]}},{"type":"Feature","properties":{"source":"hvaler_tillegg"},"geometry":{"type":"LineString","coordinates":[[10.989769760934406,59.035025508613224],[10.989770287891469,59.03495368706824]]}},{"type":"Feature","properties":{"source":"hvaler_tillegg"},"geometry":{"type":"LineString","coordinates":[[10.845207861301803,59.085321455491496],[10.84535811995454,59.085122253322176],[10.845456417821163,59.08504340183173],[10.845469315349375,59.08500614027312],[10.845462532196821,59.084955389343214],[10.845451065184426,59.08491590764408],[10.845445700991066,59.08481736636604],[10.845591477954947,59.084535386503696],[10.845615398903984,59.0843926461605],[10.845687728600268,59.084334901413065],[10.845835314336357,59.084252954790934],[10.845885298906362,59.084183523426695],[10.845902403475149,59.084112947637195],[10.845924894208228,59.08407869122221],[10.845998874079632,59.08401596389442],[10.846091086005927,59.08396281292735],[10.84632624636637,59.08391217794647],[10.846384663543855,59.08391306216331],[10.846514816518544,59.0839303636509],[10.846748181456311,59.08390754460595],[10.846875800139571,59.083924135047276],[10.847024924379099,59.08397522365544],[10.84730333484354,59.084021914990146]]}},{"type":"Feature","properties":{"source":"hvaler_tillegg"},"geometry":{"type":"LineString","coordinates":[[10.84401507583292,59.09598619855116],[10.844037362029631,59.09599842283728],[10.844061237563757,59.09601339561308],[10.844085984826526,59.09603271236444],[10.844109223058119,59.096063040498024],[10.844129842215663,59.09610344523651],[10.844143465456591,59.09614389531069],[10.84416045535958,59.09619982918649],[10.844173170873432,59.0962607512186],[10.844178147271982,59.09627448831695],[10.844164736129844,59.09628853476578],[10.844124846512408,59.09631629841049],[10.844105492421471,59.09635919741702],[10.844106965238302,59.0964090586913],[10.84409287237272,59.09643594140036],[10.844086068989668,59.09646179909999],[10.8441302859169,59.09653245357447],[10.844130546285577,59.096566360642555],[10.844145987291817,59.09664517366973],[10.844237097156752,59.09678171285975],[10.844363028166805,59.09692800090417],[10.844447303846216,59.09701999162179],[10.844514533551893,59.09712285500169]]}},{"type":"Feature","properties":{"source":"hvaler_tillegg"},"geometry":{"type":"LineString","coordinates":[[10.845474573375324,59.0955672390131],[10.845467510481047,59.09556206709125],[10.845405112246773,59.09552607750866],[10.845360682454249,59.09550621974777],[10.84527655914161,59.09547645701406],[10.845179825660283,59.095445480564386],[10.845110838322663,59.0954206090559],[10.845049575305481,59.095394007060975],[10.84497989895521,59.0953575140907],[10.844944085482648,59.095334335835254],[10.844915733981987,59.095305822036096],[10.844903616843647,59.09528178524788],[10.844882449107336,59.095228594832435],[10.844867044802298,59.095199956763196],[10.844828867172557,59.095166002524515],[10.84478443220717,59.09512744164833],[10.844759746616978,59.0950960781246],[10.844716286163356,59.09504226258759],[10.844682818483768,59.09500405343116],[10.844667790212846,59.0949939502952],[10.844645875647169,59.09498587420977],[10.844618064099906,59.09497742914396],[10.844581059825416,59.094971296810805],[10.844530142326413,59.0949718216423],[10.844478051020843,59.09497626515176],[10.844429476067992,59.09498774504086],[10.84439673100688,59.09499838392048],[10.844377694787331,59.09500982219018]]}},{"type":"Feature","properties":{"source":"hvaler_tillegg"},"geometry":{"type":"LineString","coordinates":[[10.844373398183384,59.09497749407905],[10.844376918963293,59.09499891734565],[10.844377694787331,59.09500982219018]]}},{"type":"Feature","properties":{"source":"hvaler_tillegg"},"geometry":{"type":"LineString","coordinates":[[10.844179618648743,59.09437009293478],[10.844193192660565,59.094357580312064],[10.844251700737773,59.09431314985984],[10.844271475874745,59.09429993697735]]}},{"type":"Feature","properties":{"source":"hvaler_tillegg"},"geometry":{"type":"LineString","coordinates":[[10.892789928214583,59.0915325178232],[10.892817711544971,59.09160110421756],[10.892824552522775,59.09165050429459],[10.89282430505202,59.09165840891938],[10.89279269085251,59.091772137470315],[10.892739415323051,59.09187268116961],[10.892745366917683,59.09198058735359],[10.892707350951964,59.092060215190585],[10.892708250982947,59.092134423137246],[10.892651209326925,59.09221533598029],[10.892613367140106,59.092238053464996],[10.892512776165173,59.09221130666783],[10.892075254786018,59.09206085415809],[10.892010678678147,59.09202373987589]]}},{"type":"Feature","properties":{"source":"hvaler_tillegg"},"geometry":{"type":"LineString","coordinates":[[10.89252744908007,59.09089650326199],[10.892529595374148,59.09096175929308],[10.892549622098084,59.09104988101905],[10.892607287611577,59.09118118613344],[10.892690594804764,59.09139458682462],[10.892789928214583,59.0915325178232]]}},{"type":"Feature","properties":{"source":"hvaler_tillegg"},"geometry":{"type":"LineString","coordinates":[[11.003311696774187,59.03214392473096],[11.003439741946613,59.03216325338754],[11.003586849594118,59.032185148558334],[11.003676717503964,59.03219529616256],[11.00377945192653,59.03219828864085],[11.003962483463182,59.03220223192625],[11.004135939495852,59.032209026119226],[11.004284332265165,59.032222868352775],[11.00441827699325,59.03224246807688],[11.004528560600146,59.03225855000797],[11.004638663258115,59.03227318771315],[11.00478193315158,59.032287590486874],[11.005054948361437,59.032315708344576]]}},{"type":"Feature","properties":{"source":"hvaler_tillegg"},"geometry":{"type":"LineString","coordinates":[[10.921203898768205,59.056113424766934],[10.921655892630914,59.056184758566964],[10.921737580436574,59.05624505600578],[10.92187509745773,59.05630558343856],[10.921978219834557,59.05642499941002],[10.921998401190523,59.056437323789545],[10.922056333060182,59.056472776019795],[10.922608962108923,59.05663161454825]]}},{"type":"Feature","properties":{"source":"hvaler_tillegg"},"geometry":{"type":"LineString","coordinates":[[10.921577310997776,59.052131425271426],[10.92153340834465,59.052130761471425],[10.921434036262895,59.05214012873967],[10.92134490115437,59.05214559253432],[10.921229026543552,59.05216900566308],[10.921127621458265,59.052182264828076],[10.920977013750534,59.05220862948409],[10.920917555455016,59.052218444755404],[10.920877918346445,59.05222007305424],[10.920858941005473,59.05222262205628],[10.920833321135708,59.0522281986292],[10.920671963688001,59.05227895035735],[10.920621834104255,59.05228663179328]]}},{"type":"Feature","properties":{"source":"hvaler_tillegg"},"geometry":{"type":"LineString","coordinates":[[10.933242894819703,59.06859724038019],[10.933274388746723,59.06860407370902],[10.933339513051665,59.06861591927236],[10.9333938579463,59.06862589779109]]}},{"type":"Feature","properties":{"source":"hvaler_tillegg"},"geometry":{"type":"LineString","coordinates":[[10.927044234425662,59.0520227397713],[10.92706393329868,59.05202587708559],[10.927075040380268,59.05202640635394],[10.927087140303378,59.052024449296276],[10.927100801162144,59.05202110273987],[10.927110505253655,59.05201727204705],[10.92712147296023,59.05201456006255],[10.927129581606282,59.052015354644475],[10.927217364462441,59.05202423040772],[10.927363155515849,59.05202225328548],[10.927476235741276,59.052007648223],[10.927498321117632,59.052005375860375],[10.92754479477114,59.05200054391617],[10.927610526617267,59.05199667741461],[10.927654506229034,59.05199374505923],[10.927726031773867,59.05198664406154],[10.927761140892809,59.0519863997625]]}},{"type":"Feature","properties":{"source":"hvaler_tillegg"},"geometry":{"type":"LineString","coordinates":[[10.930232649619601,59.06905923160813],[10.930254596433814,59.069084737200484],[10.93026699792819,59.06909501732179],[10.93029903811557,59.06911050015414],[10.930392706054619,59.06913933856914],[10.930450293443743,59.06916173824643],[10.930472118688417,59.06917501186427],[10.930498187888833,59.06920109651779],[10.93053581350338,59.06924606631034],[10.930554433094837,59.069259868565425],[10.930598439210865,59.06929667696738],[10.930616712605355,59.06931487405021],[10.93063022035038,59.06933939508291],[10.930639745416723,59.06934742687489],[10.930708217595656,59.069385543513526],[10.930773494096886,59.069431472003885],[10.930827011765315,59.06946759015414],[10.930864137724946,59.06948584010267],[10.930899424375411,59.06950340285832],[10.930917009326295,59.06951267691722]]}},{"type":"Feature","properties":{"source":"hvaler_tillegg"},"geometry":{"type":"LineString","coordinates":[[10.923024238666503,59.05679179000716],[10.923034486084077,59.05679957548056],[10.923042301881852,59.056804317250936],[10.92304870138812,59.0568077556394],[10.923053120367381,59.056810232530935],[10.923063707992064,59.056815151496544],[10.923075956429471,59.056819313541496]]}},{"type":"Feature","properties":{"source":"hvaler_tillegg"},"geometry":{"type":"LineString","coordinates":[[10.920649163669227,59.05573872188077],[10.920673214865078,59.05577283750141],[10.920725797444781,59.055820979418684],[10.920773879098608,59.055859988177694],[10.920818758440182,59.05588774678387],[10.920880649000036,59.05592512257725],[10.920903481204748,59.05594157675554],[10.920933632558809,59.055968421720344],[10.920952973529037,59.05599222868671],[10.920968882291307,59.05601260072613],[10.920988996029974,59.056028429759586],[10.92101070998005,59.05604107233091],[10.92108311261079,59.056075182680864]]}},{"type":"Feature","properties":{"source":"hvaler_tillegg"},"geometry":{"type":"LineString","coordinates":[[10.929660738420722,59.065217991406634],[10.929694221560485,59.065268405941005],[10.929720052688726,59.06532298566042],[10.9297485492386,59.065405162426835],[10.929751725655152,59.06545201685094],[10.929747441206054,59.06548227265752],[10.929729432502432,59.0655414086008],[10.929708994992348,59.065598939683305],[10.929706706572148,59.06561235465046],[10.929715401711698,59.06568482782578],[10.929720586368123,59.065807541742736],[10.92970454377377,59.06588544131755],[10.929676733179791,59.06593446867851],[10.92964713713143,59.06599413951895],[10.929639549914137,59.066021324390185],[10.929639294146657,59.06610007983869],[10.929644469524952,59.06615805635474],[10.929657136842312,59.06617050282114],[10.929672583335433,59.06618159804071],[10.929742795920728,59.06622264725915],[10.92981167261277,59.06626023776615]]}},{"type":"Feature","properties":{"source":"hvaler_tillegg"},"geometry":{"type":"LineString","coordinates":[[10.94502283623899,59.05022593912995],[10.94498028127764,59.05026120033519],[10.94495133377912,59.05027431986212]]}},{"type":"Feature","properties":{"source":"hvaler_tillegg"},"geometry":{"type":"LineString","coordinates":[[11.016028127838432,59.021900646104775],[11.015987005335456,59.02184921104511],[11.015977418401958,59.02183713785825],[11.01594236874707,59.02181457056363],[11.0157176194353,59.02177986863618],[11.015638821639369,59.02177672302844],[11.015579124574638,59.02180437478987],[11.015506282924946,59.02181453914794],[11.015382188922509,59.02181557288457],[11.015301876841255,59.02180743547355],[11.014963877342936,59.0217102646544],[11.014896330669265,59.02167923381955],[11.014810591719971,59.02161860219341],[11.014617432917365,59.02154000689011],[11.014524696201692,59.021472056748095],[11.014515848684846,59.021464142008185]]}},{"type":"Feature","properties":{"source":"hvaler_tillegg"},"geometry":{"type":"LineString","coordinates":[[11.02809058933527,59.0273842623479],[11.028151771202797,59.02739207407404],[11.02845464997489,59.0274573822361],[11.028762128840242,59.027455669726926],[11.028956145466173,59.02746998484397],[11.029156039940682,59.02750740649968],[11.029412103853385,59.02750995880301],[11.029492852838661,59.0275174711676],[11.029628286218513,59.02753016763962]]}},{"type":"Feature","properties":{"source":"hvaler_tillegg"},"geometry":{"type":"LineString","coordinates":[[11.013817534261356,59.03194790507427],[11.013945006373678,59.03191353020087],[11.01400311579591,59.03189823731898],[11.014106566448087,59.03187247293371],[11.014196650432156,59.031843150010204],[11.0143128069647,59.03180707766772],[11.014435212728973,59.031763735272776],[11.014498387966341,59.031745361478485],[11.01461127741102,59.031717909390224],[11.014674179830255,59.03170339317611],[11.014804033729945,59.0316740357999],[11.014868712387996,59.03166676686635],[11.014907987584794,59.031669504687734],[11.014974730680418,59.031709141571625]]}},{"type":"Feature","properties":{"source":"hvaler_tillegg"},"geometry":{"type":"LineString","coordinates":[[11.045036618218191,59.02537930559925],[11.044864897448218,59.02539104971774],[11.044833892818481,59.02539225986711],[11.044798671595967,59.025387676994086],[11.044767568838147,59.02539580696446],[11.044622275626153,59.02542642980416],[11.044592308135037,59.025433785271105],[11.044556972976727,59.02544232526804]]}},{"type":"Feature","properties":{"source":"hvaler_tillegg"},"geometry":{"type":"LineString","coordinates":[[11.030787994163616,59.02686077684466],[11.030623082963425,59.026917664986684],[11.030585637379517,59.02693386858891],[11.030562436974662,59.02694601374884],[11.030541518302233,59.02695652064829],[11.030460083882938,59.026997268318475],[11.030426484244572,59.02701943384921],[11.030382865960137,59.027049833281325],[11.030368728782557,59.027065043561315]]}},{"type":"Feature","properties":{"source":"hvaler_tillegg"},"geometry":{"type":"LineString","coordinates":[[11.009738928327671,59.03338959573506],[11.009760270753448,59.03339807580594],[11.009863378595282,59.03342193369951],[11.009903352184537,59.0334291899755]]}},{"type":"Feature","properties":{"source":"hvaler_tillegg"},"geometry":{"type":"LineString","coordinates":[[11.019407257743286,59.032204104302544],[11.019328345607205,59.032212286342535],[11.019223561253812,59.03223001199345],[11.019103304284549,59.032262366216905],[11.018610128895002,59.032391228524425],[11.018402151951326,59.03245208171591],[11.018154753114086,59.032529523554594],[11.018009724292588,59.03259051466237],[11.017924166220665,59.03265306572022],[11.017887022624045,59.03268312104614],[11.017791254710911,59.0327916606539]]}},{"type":"Feature","properties":{"source":"hvaler_tillegg"},"geometry":{"type":"LineString","coordinates":[[11.018205037517493,59.02204272645736],[11.018229089289084,59.02214677127551],[11.018233475535554,59.02217064205306]]}},{"type":"Feature","properties":{"source":"hvaler_tillegg"},"geometry":{"type":"LineString","coordinates":[[11.01048323939926,59.03290365861661],[11.010486306481216,59.03295239375255],[11.010498195401167,59.032964178638316],[11.010515115906522,59.03298070396641],[11.010531989074648,59.03300064436212],[11.010553886913502,59.03303440575915],[11.010561012182794,59.03307823109964],[11.010571988827131,59.03313997707356],[11.010570839707539,59.03323407602318]]}},{"type":"Feature","properties":{"source":"hvaler_tillegg"},"geometry":{"type":"LineString","coordinates":[[11.009903352184537,59.0334291899755],[11.009983257834161,59.03344406084389],[11.010075499064273,59.03345634496509],[11.010174897067401,59.03345806060574],[11.010204425865373,59.03345762228323],[11.010291558499302,59.03337111894336],[11.010327613414859,59.033347505519444],[11.010570839707539,59.03323407602318]]}},{"type":"Feature","properties":{"source":"hvaler_tillegg"},"geometry":{"type":"LineString","coordinates":[[11.022292143442753,59.034024072187826],[11.02230909624858,59.03407656006268],[11.022305793576425,59.03410963463124],[11.022279777140282,59.03416565694213],[11.022213299745045,59.0342427329201],[11.02211201317414,59.03435533159866],[11.022041366070741,59.034450350867154],[11.021968083603488,59.034569654189724],[11.021908102783527,59.034662933350965],[11.021830380746401,59.034763309368934],[11.02181566723939,59.03478946991132],[11.021813101504996,59.03480863137604],[11.021819125977142,59.03483345136134],[11.02185207082647,59.034859278605566],[11.022085547940717,59.03496859023663],[11.022286620322701,59.035067015637324],[11.02258091951187,59.03520849455562],[11.022845633658704,59.03533431873663],[11.023063058166114,59.035440707682426],[11.023251622552516,59.03553119486651],[11.023375645487782,59.03559605297782],[11.023616753908975,59.03571638506665],[11.023853423008328,59.03582534179841],[11.024010468075899,59.035901822845744],[11.02405282713951,59.03592470198547],[11.024085415514289,59.03594458372975],[11.024152532090968,59.03599321775764],[11.024194349307704,59.036029836117244],[11.024199936967554,59.03604034717067],[11.024198126378419,59.03605449700813],[11.024154284343846,59.03616814253184],[11.024129693240289,59.03623598690075],[11.024020704947286,59.03647251334078],[11.023960579918487,59.03656102384418],[11.02388091041239,59.03665864398241],[11.023735393049357,59.036855028013115],[11.023629020893283,59.03698140741054],[11.0234647887939,59.03706959640033]]}},{"type":"Feature","properties":{"source":"hvaler_tillegg"},"geometry":{"type":"LineString","coordinates":[[11.025418677257163,59.03073185475217],[11.025441860580976,59.030727441989185],[11.025491917564146,59.030704794057705],[11.025600540462747,59.03062208803603],[11.025783875506313,59.030490518664536],[11.026150485009287,59.03025956438184],[11.026446244809572,59.03006212724381],[11.026640763551708,59.02991219932048]]}},{"type":"Feature","properties":{"source":"hvaler_tillegg"},"geometry":{"type":"LineString","coordinates":[[11.026640763551708,59.02991219932048],[11.02708814008639,59.02955416512626]]}},{"type":"Feature","properties":{"source":"hvaler_tillegg"},"geometry":{"type":"LineString","coordinates":[[11.030368728782557,59.027065043561315],[11.03033514674438,59.0271127433946],[11.030331658269619,59.02714599213775]]}},{"type":"Feature","properties":{"source":"hvaler_tillegg"},"geometry":{"type":"LineString","coordinates":[[11.043122722164258,59.03639878006218],[11.043068429252196,59.036276375211216]]}},{"type":"Feature","properties":{"source":"hvaler_tillegg"},"geometry":{"type":"LineString","coordinates":[[11.003311696774187,59.03214392473096],[11.00327409516489,59.03214779842417]]}},{"type":"Feature","properties":{"source":"hvaler_tillegg"},"geometry":{"type":"LineString","coordinates":[[11.023684010935362,59.03067587194262],[11.023848882869439,59.03069199617656],[11.024126340266179,59.0307676816044],[11.024365682450142,59.03082457357891],[11.024672542245723,59.03086771525147],[11.024798422247047,59.030877156140974],[11.02511278029417,59.03089013818405],[11.02512955996811,59.03088831594085],[11.02515148545501,59.030884224226384]]}},{"type":"Feature","properties":{"source":"hvaler_tillegg"},"geometry":{"type":"LineString","coordinates":[[11.0182372462199,59.02235048487186],[11.018233671721175,59.02244765570963],[11.01823570496473,59.02250993485189],[11.01824738277525,59.02257475848138],[11.018264260263887,59.02264136046046],[11.018295997758198,59.022715162821555],[11.018335094070727,59.02276455672367],[11.018376557435044,59.02279801976295],[11.018427889191743,59.0228471607636],[11.018450481869719,59.02289451836388],[11.018453395964794,59.02293111081292],[11.018456247851189,59.02296824079749],[11.01846204258015,59.022993503524155],[11.01847511924419,59.02301611324597],[11.018505411595525,59.02306172976459],[11.018519855700323,59.02309813753003],[11.018522914426255,59.02312142799286],[11.018519282225434,59.02314226487327],[11.018512371950347,59.02316129263178],[11.018515448591474,59.0231799084129],[11.018531761955495,59.023204685608604],[11.018569148928606,59.02323119011145],[11.018652153570766,59.02327033671778],[11.01885229340035,59.02337314590813],[11.018999917623686,59.02345662718431],[11.019062065147894,59.02349971715368],[11.019121500733759,59.02355117503875],[11.019144976017612,59.023590917434916],[11.019178703814083,59.0236430229428],[11.019206700598385,59.02366177597548],[11.019240599739598,59.02367774360394],[11.019282180272798,59.023690620918714],[11.019376936263292,59.023714124851935],[11.019403462245306,59.02372599956451],[11.019417358300231,59.02373550776973],[11.019438133000422,59.0237579046391],[11.019415893935317,59.02378131594407],[11.019394823807625,59.023796132010034],[11.019386201985709,59.02381187045867],[11.019373797834273,59.02384673292581],[11.019367913961078,59.02388853909104],[11.019361731910571,59.023931414982876],[11.019400404217132,59.0239603862787],[11.019388329733793,59.02399993411915],[11.019320186161915,59.02407947459068],[11.01927628678358,59.024140880112434],[11.019266492455206,59.02415469441201]]}},{"type":"Feature","properties":{"source":"hvaler_tillegg"},"geometry":{"type":"LineString","coordinates":[[11.0312053536063,59.02668809790241],[11.031141168495347,59.02671085401188],[11.031067663980327,59.026738808634015],[11.03104123452339,59.026750225486104],[11.030940616046538,59.026797038229006],[11.030915791828747,59.02680814466032],[11.030820814087873,59.026848387247924],[11.030787994163616,59.02686077684466]]}},{"type":"Feature","properties":{"source":"hvaler_tillegg"},"geometry":{"type":"LineString","coordinates":[[11.026264092104869,59.031243138463616],[11.026554300419608,59.03128855141641],[11.027125387879998,59.03138466322347],[11.027359427055165,59.03142412438133],[11.027638877296965,59.03147361009414]]}},{"type":"Feature","properties":{"source":"hvaler_tillegg"},"geometry":{"type":"LineString","coordinates":[[11.022292143442753,59.034024072187826],[11.022283411823858,59.03399098739323],[11.022265063600843,59.033921913544205]]}},{"type":"Feature","properties":{"source":"hvaler_tillegg"},"geometry":{"type":"LineString","coordinates":[[11.078779312437945,59.01361702243975],[11.078698222627043,59.013577523800414],[11.078629712838318,59.0135438906148]]}},{"type":"Feature","properties":{"source":"hvaler_tillegg"},"geometry":{"type":"LineString","coordinates":[[11.081473890687294,59.01330496508476],[11.081498259127331,59.01328996971459],[11.081541069159583,59.01325997927058],[11.081576841355696,59.01324434030565],[11.081620828306539,59.01322391543041],[11.081665101128666,59.01320251024193],[11.081700525158675,59.013183803924704],[11.081733536897607,59.01316178795675],[11.08173934001967,59.013156749202764]]}},{"type":"Feature","properties":{"source":"hvaler_tillegg"},"geometry":{"type":"LineString","coordinates":[[11.081856136821713,59.01369567155637],[11.081823338402211,59.01366375092517],[11.081797836242576,59.0136320512444],[11.081780250682272,59.013585936763114],[11.081771451856277,59.01353307577519],[11.08175617106159,59.01346365574292],[11.081750666768986,59.013430853472315],[11.081757823177872,59.0133970860463],[11.081775484157713,59.01331239079818],[11.081779898096656,59.01325984004251],[11.081779913196293,59.013233678095624],[11.081772345953281,59.01320674709105],[11.081766140033652,59.01319082574348],[11.081752483768405,59.013169913790925],[11.08173934001967,59.013156749202764]]}},{"type":"Feature","properties":{"source":"hvaler_tillegg"},"geometry":{"type":"LineString","coordinates":[[11.08173934001967,59.013156749202764],[11.081766976383818,59.01313295214227]]}},{"type":"Feature","properties":{"source":"hvaler_tillegg"},"geometry":{"type":"LineString","coordinates":[[11.084655001090582,59.009935342030886],[11.084492279985191,59.00980904552244],[11.08443672007799,59.009748925686445],[11.084370515244975,59.00965827553909],[11.08432003885,59.00957951934329],[11.084284289741515,59.00951379558484],[11.08411425032244,59.00936605942784],[11.083961320795959,59.00923493394045],[11.083775310959082,59.00911269643211],[11.083420514232774,59.008998744743046],[11.083041144637795,59.00887406857204],[11.082706010215638,59.00875738364999],[11.082335346526364,59.00861292006164],[11.082149539241447,59.00848744957736],[11.08208640253169,59.00841891777392],[11.081959191322634,59.008288568546824],[11.081793981075268,59.00809701162098],[11.081688501246967,59.00800391168242],[11.081500058043252,59.007901645764484],[11.08131631814487,59.00775960409368],[11.081233353836538,59.00769379770426],[11.081200495678344,59.007585905039235]]}},{"type":"Feature","properties":{"source":"hvaler_tillegg"},"geometry":{"type":"LineString","coordinates":[[10.929694329175739,59.065202683168884],[10.929660738420722,59.065217991406634]]}},{"type":"Feature","properties":{"source":"hvaler_tillegg"},"geometry":{"type":"LineString","coordinates":[[10.844045151815612,59.08746077852416],[10.84404430089309,59.08741732127185],[10.84404507500917,59.087387853304435],[10.844063465972754,59.087378822221424],[10.8441560177002,59.087364797229895],[10.844293534217861,59.08737766125454],[10.844337322836529,59.08736521882611],[10.844428031636923,59.08730293897312],[10.84461365517345,59.0872374096902],[10.844682347755239,59.08720976081212],[10.844718512710914,59.0871693792534],[10.84474418378873,59.087104563292534],[10.844781389897975,59.087022403691094],[10.844768784493404,59.08696058599025],[10.844780021495003,59.08692983515328]]}},{"type":"Feature","properties":{"source":"hvaler_tillegg"},"geometry":{"type":"LineString","coordinates":[[10.844271475874745,59.09429993697735],[10.844347311571624,59.094279800406916],[10.844362878054973,59.094272476951026],[10.844372536369292,59.09426343538898],[10.844380072522126,59.09421710010761],[10.844382734358593,59.09420522652693],[10.844388041210948,59.094197484055634],[10.844449729092712,59.094164305232134],[10.844501482382787,59.09412658162145],[10.844539325390382,59.0941041472895],[10.84457227345809,59.09408461311895],[10.844611804679088,59.09406843719137],[10.844697799268438,59.0940423320864],[10.844800505799089,59.094019640284756],[10.844933742653012,59.09400458145278],[10.844979815305308,59.093997876668794]]}},{"type":"Feature","properties":{"source":"hvaler_tillegg"},"geometry":{"type":"LineString","coordinates":[[10.84191594737605,59.10012229042478],[10.841891090551098,59.10010674630278],[10.84187033688782,59.100094840624536],[10.841831888110375,59.100074634182796],[10.841824814340537,59.100070990313725],[10.84181689209833,59.10006857805381],[10.841808012445693,59.10006685440404],[10.841776912270566,59.10006243944657],[10.84177234178663,59.10006121375863],[10.841768522026971,59.10005956257823],[10.841763951219866,59.10005689820561],[10.84175919512414,59.100052879129365],[10.841756071459905,59.100049811614745],[10.84168815152454,59.099961311360246],[10.841654463542373,59.09991626069175],[10.841630103429774,59.099882209526385],[10.841625912493074,59.0998749715662],[10.841618020032035,59.09985934243016],[10.841605913338405,59.099829461048344],[10.841593370297078,59.09979453030079],[10.841592520870945,59.09979144585589]]}},{"type":"Feature","properties":{"source":"hvaler_tillegg"},"geometry":{"type":"LineString","coordinates":[[10.901654969899168,59.09251845999307],[10.901758671241623,59.09252947305634],[10.901811639898854,59.09253366621222],[10.901845710991953,59.09255416538943],[10.901885374873926,59.092602445051504],[10.901941737728889,59.092655748616814],[10.90207922239873,59.092733557124156],[10.902140326430501,59.09276911768628],[10.902194336074626,59.09280409416722],[10.902234718451203,59.092852216603426],[10.902265273017044,59.09288753014363],[10.902293114685756,59.09294262884592],[10.902311731847128,59.09297109100171],[10.902340627695013,59.09299834971798],[10.90238480782963,59.093024922961355],[10.902412558860927,59.09306176623983],[10.902442879208579,59.09310489483259],[10.902473335849418,59.09314542022377],[10.902497166710699,59.093185825965165],[10.902536060513556,59.09321277144051],[10.902592172138982,59.093237474111994],[10.902641336135337,59.09325889995874],[10.902661230751075,59.093283985726835],[10.902670943500407,59.09333140778436],[10.9026812485034,59.09338118633226],[10.902686886220819,59.093436391934475],[10.902720611993681,59.09348466332398],[10.90277573063023,59.09354547988479],[10.902824872405885,59.09359342954467],[10.90289037343081,59.09364486368588],[10.902944595179784,59.093686859798225],[10.90299345756089,59.09370935492134],[10.903065553193384,59.093728988165566],[10.903173422876119,59.093787066863925],[10.903278416163428,59.093826801996535],[10.903333939957571,59.093850586587685],[10.903359723230192,59.09386587799291],[10.903379285127912,59.09389814621966],[10.903395866188749,59.093930500016775],[10.903391271887353,59.09397189494747],[10.903404695106715,59.09400289009788],[10.903429799696074,59.09402679175623],[10.903533054213563,59.09408841066055],[10.903598221665932,59.09413533816142],[10.903642442169543,59.09416451970152],[10.903698385135,59.09420674970969],[10.903742696568573,59.09426443677267],[10.90377768203811,59.09430510498878],[10.903776845100188,59.09434284233772],[10.903770810666433,59.09437142397581],[10.90374553098559,59.094389956188486],[10.903715418535437,59.09440213154408],[10.903657115174676,59.094403075477736],[10.903614569369672,59.09441108131682],[10.903640137797892,59.094496948225874],[10.903668135445795,59.09453613673656],[10.903716199249214,59.09457703863847],[10.903711853008106,59.09459587304264],[10.903699774833012,59.09461653100404],[10.903665017248954,59.09463979871613],[10.903595744966196,59.09466674057729],[10.903554056724513,59.09469536378762],[10.90355653878733,59.094706771410024],[10.903581340595723,59.094741992595715],[10.903605349808767,59.09477799794001],[10.903599680880157,59.09481522285871],[10.903579217998653,59.094843168468486],[10.903581965688748,59.09487283699807],[10.903605131871695,59.09492760767768],[10.903628095876785,59.09498992472138],[10.903618813678657,59.09501058116613],[10.90360766921432,59.09507316849227],[10.903644768744053,59.09511516236324],[10.903667380682817,59.09515409066698],[10.903656763144827,59.09518153834655],[10.903601415379518,59.09522942083829],[10.903585500146788,59.09527342498737],[10.90359222601663,59.09535465000972],[10.903578193577893,59.095382888852754],[10.903514570551422,59.09543860191742],[10.903478369663654,59.09548565113103],[10.903421748986117,59.09553394288183],[10.903338401161617,59.09556898140892],[10.903267536500987,59.09560045839239],[10.903255216480591,59.095620209537735],[10.90324517705724,59.09566475910414],[10.90324648593209,59.09570939776159],[10.903263199829354,59.09576405439131],[10.903305242397385,59.09581294818694],[10.903315859245428,59.09584403442106],[10.90329410766775,59.09589154047207],[10.903312494757094,59.09590731730082],[10.903351682988891,59.095943532885414],[10.903401856945518,59.095972632960894],[10.903440995747133,59.095984390387436],[10.903515928596928,59.09599494177154],[10.903578994693378,59.096012670680494],[10.90364499527724,59.09603948371897],[10.903721995324986,59.096076624916144],[10.903754929115575,59.09609205235945],[10.903759305008057,59.096103699675844],[10.903745057391278,59.09612788561376],[10.903754656508452,59.09617188721504],[10.903799468402307,59.09622833122534],[10.903819542533178,59.096254861054],[10.903816850802166,59.096300811829266],[10.903800493898702,59.09636314446117],[10.903800183098811,59.09640818145807],[10.903786862444015,59.09644948033363],[10.903744084866501,59.09649452343154],[10.90373351061618,59.09651136265945],[10.903747634500858,59.09655991308871],[10.903757956222618,59.096584695974],[10.903749411805233,59.09659917170448],[10.903704238356555,59.09663793499314],[10.90369426516685,59.096661446844855],[10.903724110731359,59.09672029493601],[10.903729404042931,59.09675498919401],[10.903688933016673,59.096789495373876],[10.903644013081728,59.09682467010954],[10.90362790436762,59.096838097455084],[10.90354979895808,59.0968789664917],[10.903523460965193,59.096891710751784],[10.903512875777688,59.096908639533886],[10.903520816407744,59.09693433620756],[10.903573923474001,59.09697108167943],[10.903632537741263,59.097008540726804],[10.903724084800656,59.097049738348424],[10.903835461354397,59.097093181251424],[10.903890508467192,59.09713124670806],[10.903954987704793,59.09718984092833],[10.90400258449922,59.097218589506035],[10.904140750696856,59.097267464633376],[10.904207837477662,59.097286668989035],[10.904297700623493,59.097296612860355],[10.904404578461186,59.09731042131392],[10.904444583040416,59.097329578694776],[10.904478651956127,59.097361855678365],[10.904491319719357,59.09739480488468],[10.904480183166994,59.09743976940821],[10.904463093096236,59.097489221260126],[10.90446305030941,59.09748957956278]]}},{"type":"Feature","properties":{"source":"hvaler_tillegg"},"geometry":{"type":"LineString","coordinates":[[10.948183442560431,59.04212161576056],[10.948133161276488,59.04210412737754],[10.948075495330292,59.04208416000637],[10.948031767056962,59.04206732627805],[10.947997204108294,59.04205266760292],[10.947962295967823,59.04202909683742],[10.947915018906617,59.04198760603275],[10.947854819035312,59.041931414659864],[10.947824976709526,59.041895954252865],[10.947803062644471,59.041840601785054],[10.947790045685068,59.041804499255704],[10.947757410945604,59.0417527672708],[10.947730500394403,59.041726479720666],[10.947702782412714,59.04170556159813],[10.947659856577564,59.041684886641676],[10.947597499833089,59.04165883799441],[10.947533780207511,59.04162807122699],[10.947478253620469,59.04159144693489],[10.94742736294407,59.04155397873426],[10.947351439641448,59.04148317863022]]}},{"type":"Feature","properties":{"source":"hvaler_tillegg"},"geometry":{"type":"LineString","coordinates":[[11.081200495678344,59.007585905039235],[11.08116970924178,59.007517993046086],[11.081096248484682,59.00745750912903],[11.081094932698397,59.0074154835196],[11.081075309513942,59.00732606268834],[11.081057161872389,59.00725889314743],[11.081063199562617,59.007149211832974],[11.081077561301207,59.007079700612465],[11.081062810252684,59.006982695513656],[11.081047508204119,59.006889000213334],[11.080995127342216,59.006727561850205],[11.080956191232461,59.00661642817655],[11.08072540534857,59.00637640196414]]}},{"type":"Feature","properties":{"source":"hvaler_tillegg"},"geometry":{"type":"LineString","coordinates":[[11.044372604507304,59.025673235001804],[11.044426622037559,59.02562354927478],[11.044487790744219,59.025555651184234],[11.044554842427912,59.025447205029224],[11.044556972976727,59.02544232526804]]}},{"type":"Feature","properties":{"source":"hvaler_tillegg"},"geometry":{"type":"LineString","coordinates":[[10.942959608243871,59.048056723875256],[10.942853682234233,59.04808037769263],[10.942746341952914,59.048096794132654],[10.942688350980855,59.04810612566377],[10.942653606113133,59.04811366822978],[10.942599095698393,59.048127514505076],[10.942535130527345,59.0481475380834],[10.942494798171598,59.048161019499],[10.942457569547878,59.04817333941735],[10.94243151312645,59.0481797156647],[10.942379369843529,59.04818976982679],[10.94230910567069,59.04820402130577],[10.942264007451008,59.04821204844974],[10.942214425100794,59.04822110387607],[10.94216088154348,59.04822823687152],[10.94212719750574,59.04823122703582],[10.942100906338187,59.0482322011326],[10.942083261444367,59.0482323673145],[10.942072413789063,59.04823112815018],[10.942059074532603,59.04822882184662],[10.94204778529733,59.048225410946785],[10.94203476338838,59.04822041722477],[10.942022684850054,59.04821482368886],[10.942008315702225,59.04820646098249],[10.94196850113404,59.04818156599026],[10.941953478871516,59.04817282315486],[10.941924184074939,59.04815194431999],[10.941882799730983,59.04811522159879],[10.941861230425406,59.048090988446276],[10.941824553837364,59.04804838917303],[10.941792040838237,59.04800304322525],[10.941781069944062,59.047983637918286],[10.941762609159099,59.04795968202115],[10.941755410859988,59.047951184438666],[10.941740427837965,59.04793767746166],[10.94171553742215,59.04791792568314],[10.941693853830134,59.04790205074448],[10.941654514508897,59.04787609159669],[10.94163022303985,59.04786013488756],[10.941567737200488,59.04782625707372],[10.941547921116069,59.047816734507826],[10.941511079953807,59.047800654058456],[10.941469407028917,59.047785590970086],[10.941445723721914,59.047776306790404],[10.941429451597674,59.04777076153946],[10.941421366140572,59.04776682164162]]}},{"type":"Feature","properties":{"source":"hvaler_tillegg"},"geometry":{"type":"LineString","coordinates":[[10.923017952077101,59.05203518965823],[10.92290292008219,59.05203974903922],[10.922871445726239,59.05204613067219],[10.92285545566697,59.05204409856115],[10.922783389160147,59.052027802440016],[10.922735523840366,59.05203258885718],[10.922682950107946,59.05204028401065],[10.92267043081252,59.05203988971198],[10.92258708202991,59.05201424682713],[10.922551348010247,59.05201240203889],[10.922514439364436,59.052010160591514],[10.922479346978996,59.05200437981459],[10.922447104239286,59.051999587914814],[10.922409331464348,59.05200756931713],[10.922373695312492,59.05201813557528],[10.922345897387332,59.052025891664776],[10.922291300110327,59.05202857770036],[10.922136312272306,59.05203745247026],[10.92206304303618,59.05204305686518],[10.92203387902537,59.05205202864185],[10.92198698754657,59.05206772495334],[10.921961701325579,59.05207196355654],[10.921932876823137,59.052073663040105],[10.921850902236462,59.05207467725734],[10.921823696453831,59.052080383888466],[10.921787843643449,59.0520913028178],[10.921752452411765,59.05210421436827],[10.921721340582721,59.0521163615904],[10.921669352579174,59.05212794105755],[10.921577310997776,59.052131425271426]]}},{"type":"Feature","properties":{"source":"hvaler_tillegg"},"geometry":{"type":"LineString","coordinates":[[10.948183442560431,59.04212161576056],[10.94814631685278,59.04215533939212],[10.948119271084186,59.04219827982914],[10.948101925867036,59.04223145380038],[10.948071870366459,59.042280683754605],[10.948032815948517,59.04233520653253],[10.947991118127115,59.04238551060449],[10.947957532802649,59.04243507959654],[10.947924763758163,59.04248512369476],[10.947906410085476,59.04252536911279],[10.947886177494084,59.04255935179016],[10.947862524232743,59.042580909453775],[10.947815196498443,59.042624203929364],[10.947751446651655,59.04267507634126],[10.947677424784148,59.04272427846172],[10.947640112038158,59.04274477906848],[10.947585065256478,59.042773625730945],[10.94749661666613,59.04283271595537],[10.947406455359136,59.04289301126811],[10.947358081348199,59.04292593297079],[10.94729156599681,59.04297213308712],[10.947238419339193,59.04300409611152],[10.947220994520436,59.04301721714325],[10.947200708604763,59.043032406476044],[10.9471850115841,59.043045671513575],[10.947171147117215,59.04306115181347],[10.94716489592181,59.04307273454232],[10.947153255209402,59.043103389666555],[10.947145354944494,59.04311564005614],[10.947130114222306,59.04313539303181],[10.947117667262116,59.04314920938454],[10.947105542010616,59.04316177704273],[10.947054136315497,59.04320116728763],[10.947004144152368,59.04323448776527],[10.946971082282772,59.0432529634145],[10.946925359924863,59.043276707075336],[10.94688488140089,59.043292972408175],[10.946853981270186,59.04330495215039],[10.94682061084127,59.04331568567769],[10.946763711542353,59.04333359467132],[10.946742911309858,59.04334130514554],[10.94671847005598,59.04335177878289],[10.946680189912321,59.04337899223762],[10.946649679717222,59.04340689855438],[10.946632379365441,59.04342487865635],[10.946610328595357,59.043438753873374],[10.946557113321441,59.04346684828232],[10.94652827693962,59.04348203949611],[10.946485844491463,59.04351191013746],[10.946442961541315,59.04355003855595],[10.946423064904634,59.04356488032226],[10.946410373555034,59.04358372403009],[10.946409238316946,59.043591870464425],[10.946412358839837,59.04360239797166],[10.946418534560935,59.04361365053954],[10.946432075026951,59.043624594270774],[10.946458398180303,59.04364403037587],[10.946464696843432,59.043649802163465],[10.946468330249827,59.04365450145492],[10.946470344356097,59.043665533783454],[10.946471047437742,59.04367436716991],[10.946477607375625,59.04368680062136],[10.946513733086677,59.04372668395844],[10.946541556612278,59.0437496735937],[10.946549567792882,59.0437542402373],[10.946561524529127,59.04375937999519],[10.94659314565623,59.04376792280883],[10.946619920337044,59.04377613402636],[10.946683839861244,59.043800793424786],[10.946759782619733,59.04383742791572],[10.946790564499556,59.04385160884921],[10.946813202653063,59.04386382644429],[10.946867239610453,59.043905709114284],[10.946916440772304,59.04394717060408],[10.94693271411872,59.04396305509177],[10.94698727079844,59.0439946141105],[10.947012958625447,59.04400908504273],[10.947049774607736,59.04403424427235],[10.947069351092164,59.04405023216543],[10.947136438786986,59.044105740387444],[10.947229564604902,59.04418607028918],[10.947297175669199,59.044254901761455],[10.947318009799899,59.044276503523946],[10.947337123994972,59.04430677288574],[10.947350229321799,59.044330290548],[10.947412577559113,59.0444008453265],[10.9474973821687,59.04447776756849],[10.947511849340655,59.04449269630706],[10.947530095449247,59.044519971365034],[10.947561077712699,59.04460941459942],[10.947568840282768,59.044636811002974],[10.947575786738696,59.04464449115799],[10.947583961547807,59.044649152764755],[10.947595676675501,59.044653385734776],[10.947637786527796,59.04466621275708],[10.947659415817698,59.044672194684544],[10.94770566636821,59.04468542104785],[10.947726363074405,59.04469191323968],[10.947755371093479,59.04470486953359],[10.947765299837732,59.04471093471321],[10.947774332522716,59.04471868016598],[10.947789636625824,59.04473687189551],[10.9478009342038,59.04474612683806],[10.9478147452874,59.0447533025797],[10.947840219601156,59.04476219210982]]}},{"type":"Feature","properties":{"source":"hvaler_tillegg"},"geometry":{"type":"LineString","coordinates":[[11.045804425300764,59.025276090424356],[11.045742635747988,59.02523716069412],[11.045704626755882,59.0252173885195],[11.045688306621102,59.02521221466088],[11.045658581885682,59.025199258821345],[11.045624799989305,59.025185190020295],[11.045572785241339,59.025167417304566],[11.045563926944569,59.02516256135693],[11.045544182962315,59.025156833317425],[11.045519171762725,59.02515445068571],[11.045466538582374,59.02516632831327],[11.045401150429479,59.02518752608262],[11.045299686189262,59.02521157723253],[11.045275342791932,59.025217036865996],[11.045252296844739,59.02522334530852],[11.045234586254788,59.025230266334994],[11.045215883205465,59.025238235911914],[11.045169318385282,59.025265583058236],[11.045127381209968,59.02528453045796],[11.045115795060068,59.025289750596166],[11.045107213163682,59.025296141432214],[11.0450989170012,59.025303080442],[11.045091018539171,59.02531111048918],[11.045085215617652,59.02531911467285],[11.045063798049096,59.02535676046812],[11.045058105738429,59.025366835891106],[11.045053601599061,59.025374160511596],[11.045051984818919,59.02537608905214],[11.045046493581912,59.025378348715456],[11.045036618218191,59.02537930559925]]}},{"type":"Feature","properties":{"source":"hvaler_tillegg"},"geometry":{"type":"LineString","coordinates":[[11.018238248164346,59.030401445943944],[11.018200830005043,59.030358577240925],[11.01800903495717,59.03022554570979],[11.017816169825595,59.03007917450603],[11.017692760545506,59.03000776601031],[11.017364081581134,59.02983087164079],[11.017115980668507,59.02969916275259],[11.017014056219534,59.029656106547456],[11.016877367046687,59.02961054173308],[11.016657489693586,59.029530318979376],[11.016482851909997,59.02945553424998],[11.016464145474133,59.029448395127645]]}},{"type":"Feature","properties":{"source":"hvaler_tillegg"},"geometry":{"type":"LineString","coordinates":[[11.02280226245231,59.03080647610561],[11.02278392658794,59.03080968875292],[11.022780189359569,59.03081335003966],[11.022769919162645,59.03082373347666]]}},{"type":"Feature","properties":{"source":"hvaler_tillegg"},"geometry":{"type":"LineString","coordinates":[[11.018117612590737,59.02188512406956],[11.01776676468012,59.02186272876756],[11.017669027689337,59.02184695381277],[11.01746592179233,59.0218015027051],[11.017273415076223,59.02176240136968],[11.017111779125976,59.02176992344436],[11.016893966083964,59.02180331794149],[11.016781694684761,59.02181820321307],[11.016694772069076,59.021826496238816],[11.016595764931225,59.021836754806834],[11.016467531906997,59.021855464038694],[11.016370998455123,59.02187748669003],[11.016262761668404,59.02189366454167],[11.01615901641671,59.021901169562064],[11.016028127838432,59.021900646104775]]}},{"type":"Feature","properties":{"source":"hvaler_tillegg"},"geometry":{"type":"LineString","coordinates":[[11.080761877401532,59.01388450488356],[11.080974269321358,59.01385479656486],[11.081120325364394,59.01385040984562]]}},{"type":"Feature","properties":{"source":"hvaler_tillegg"},"geometry":{"type":"LineString","coordinates":[[11.081120325364394,59.01385040984562],[11.081340732384053,59.01384216132901],[11.081408492217518,59.01383801012329],[11.081485396797378,59.013828561722015],[11.081608530335666,59.01381574836987],[11.081765223570022,59.013809795068816]]}},{"type":"Feature","properties":{"source":"hvaler_tillegg"},"geometry":{"type":"LineString","coordinates":[[11.105322437656557,59.017584436459956],[11.105289707578164,59.01757787725611],[11.105192277272137,59.01756226814546]]}},{"type":"Feature","properties":{"source":"hvaler_tillegg"},"geometry":{"type":"LineString","coordinates":[[11.08963121883896,59.02022674268778],[11.089543228204585,59.020249256945156],[11.089363792514693,59.020295529459766],[11.089268209158988,59.02032194969048],[11.089106524996836,59.020365431876755],[11.089048427165572,59.02038264584477],[11.08893527620603,59.02041482820778],[11.08890743717437,59.02042045991756],[11.088892822636184,59.0204232547631],[11.088852657799823,59.02042995238774],[11.088808935150814,59.02043420493883],[11.088756177241843,59.02043818437416],[11.088711431199995,59.02043916938794],[11.088656392278073,59.02043867450224],[11.088611471274982,59.020436597430745],[11.088579888050463,59.020433754750755],[11.08853907486107,59.02042928448938],[11.08848055728809,59.02041951408898],[11.08842326621734,59.02040969083241],[11.088384352416327,59.020400782698424],[11.088315202411247,59.02038331861978],[11.088302476415764,59.02038023677336],[11.08824593925527,59.02036378327206],[11.088177739077302,59.02034410021072],[11.088121130149972,59.02032674543499],[11.087991731831421,59.020288669682124],[11.087918388933254,59.02026361652353],[11.087768158773414,59.02021861739413],[11.087590760707881,59.02016875093642],[11.087509785077868,59.02014796199763],[11.087168927659931,59.020065192071364],[11.087093923933487,59.02005168592789],[11.086984169783968,59.020037128886344],[11.08686623109419,59.020028617581026],[11.086745646982633,59.02002497093176],[11.086594925317804,59.020030302253794],[11.08641128643979,59.02004605575765],[11.08628629268202,59.0200597168608],[11.086141277027751,59.020074660253734]]}},{"type":"Feature","properties":{"source":"hvaler_tillegg"},"geometry":{"type":"LineString","coordinates":[[11.079145650411066,59.013761544131896],[11.079015856727343,59.01371652401272],[11.078779312437945,59.01361702243975]]}},{"type":"Feature","properties":{"source":"hvaler_tillegg"},"geometry":{"type":"LineString","coordinates":[[11.032635729721541,59.02233179042594],[11.032712357015612,59.022456593965074],[11.032726137925813,59.02247922365799],[11.03277162834066,59.02253231522815],[11.032796262801671,59.02257271974454],[11.032824251238006,59.022620329783095],[11.03284211127981,59.022658998165],[11.032884415337598,59.02270192234765]]}},{"type":"Feature","properties":{"source":"hvaler_tillegg"},"geometry":{"type":"LineString","coordinates":[[11.032335774269852,59.021810569465224],[11.032350124193911,59.02187664203991],[11.032404703439575,59.02210793963851],[11.032414409714544,59.0221356590771],[11.032428888062741,59.02216433400397],[11.03244790275228,59.022194496635045],[11.032479611705984,59.022224958580296],[11.032550237295528,59.02227630350821],[11.032632961898592,59.02233008722701],[11.032635729721541,59.02233179042594]]}},{"type":"Feature","properties":{"source":"hvaler_tillegg"},"geometry":{"type":"LineString","coordinates":[[11.03007589863562,59.01945580045005],[11.030044728537282,59.01943884051372],[11.029928380840966,59.0193531848971],[11.029774243266246,59.01924901741899],[11.029747478649867,59.01922410088249],[11.029722034760695,59.01917414059503],[11.029731462454139,59.01913172368428],[11.02973114972247,59.01906644104005],[11.029700979792766,59.01901211006251],[11.029609868053116,59.0189495256025],[11.02944504687009,59.01885788665496],[11.029237678182692,59.018760266558004],[11.029161614960941,59.01871837282611],[11.029085551924096,59.01867647905139],[11.028922929469438,59.018555237279244],[11.028827120893364,59.01846086050559],[11.028731218169428,59.01841413191359]]}},{"type":"Feature","properties":{"source":"hvaler_tillegg"},"geometry":{"type":"LineString","coordinates":[[11.026870915061746,59.01765780672387],[11.026809870247993,59.01765952848957],[11.026804207507062,59.017660253677214],[11.026655490438262,59.01765271981354],[11.026601906731774,59.01763210370998],[11.02656310808109,59.01762084251986],[11.026538420220927,59.017618735734686],[11.026325235766004,59.01764860135479],[11.026202684392391,59.017660571418354],[11.02613611347368,59.01766032498515]]}},{"type":"Feature","properties":{"source":"hvaler_tillegg"},"geometry":{"type":"LineString","coordinates":[[11.025357602826086,59.01759145802353],[11.025354138630997,59.01759126169772],[11.025391364741004,59.01762971708033],[11.025395747619596,59.01767327728853],[11.025399340007628,59.01769802243853],[11.025425474339833,59.01773892422813],[11.025449254652214,59.017760962925095],[11.025444404646292,59.01778634781473],[11.025428761869387,59.01779800487181]]}},{"type":"Feature","properties":{"source":"hvaler_tillegg"},"geometry":{"type":"LineString","coordinates":[[11.024423880739235,59.01791835770208],[11.024387746930081,59.01790214288098],[11.024261931020517,59.01787445127629],[11.024160637543343,59.01785030023454],[11.023975661924933,59.01780047121469]]}},{"type":"Feature","properties":{"source":"hvaler_tillegg"},"geometry":{"type":"LineString","coordinates":[[11.017124993150633,59.02027767068926],[11.017127280299345,59.02027899980927],[11.017155154502948,59.02033191479296],[11.017225665109887,59.02039306510534],[11.017280402202218,59.02046847484053],[11.017387938808836,59.020562232660296],[11.017388354651118,59.020606840028],[11.017318187971375,59.020669234557516],[11.017331792554675,59.02071739466805],[11.017366865718556,59.0207563256451],[11.017424519598833,59.02076888919626],[11.01756003468475,59.02074446927692],[11.017660773448462,59.02074181563638],[11.01790131295505,59.020774123164614],[11.01807456927228,59.02083187164416],[11.018183534886235,59.02085455519705],[11.018282535135176,59.02093321462888],[11.018337594470172,59.02095765573104],[11.018391424199244,59.02097162960291],[11.018451411957594,59.020970058979316],[11.018546102429,59.02098502037703],[11.018602545619805,59.0209884653912],[11.018618089510783,59.02099577670568],[11.018634634395776,59.0210034784516]]}},{"type":"Feature","properties":{"source":"hvaler_tillegg"},"geometry":{"type":"LineString","coordinates":[[11.018117612590737,59.02188512406956],[11.018222085300188,59.02174025991025],[11.018318474864406,59.02166824243824],[11.018385674414528,59.02158930283753],[11.018488783675222,59.02149537457348],[11.018492671428442,59.021455754714424],[11.018556860407791,59.021298861782064],[11.018573612196645,59.021199309252204],[11.018662931530336,59.021055776704806],[11.018662993735685,59.021055239168774],[11.018661677135464,59.02102292156572],[11.018634634395776,59.0210034784516]]}},{"type":"Feature","properties":{"source":"hvaler_tillegg"},"geometry":{"type":"LineString","coordinates":[[11.014515848684846,59.021464142008185],[11.014406428062463,59.021352072239665],[11.014321095144524,59.02129397020039],[11.014120919149162,59.02118566793532],[11.014060403522603,59.02106386573968],[11.013965274433216,59.02094585228053],[11.013942781898745,59.02084050579329],[11.013868891935058,59.02075137782803],[11.013699867966164,59.020628570223884],[11.013652566772278,59.020565795298396],[11.01368951897795,59.02050570597758],[11.013829356509156,59.02040787787797],[11.013842958290128,59.020334122323476],[11.013770798936012,59.020186427184335],[11.013810520433294,59.020057283447585],[11.013897797521961,59.01994506902691]]}},{"type":"Feature","properties":{"source":"hvaler_tillegg"},"geometry":{"type":"LineString","coordinates":[[11.014046675864654,59.0194094846468],[11.01403429336742,59.01928008437052],[11.01396502672845,59.01919622360428],[11.013980228698381,59.01910714297102],[11.014108591603943,59.01906767149596],[11.014348325695918,59.019049612325155],[11.014530363065344,59.01910368036477],[11.014919058366955,59.01925366214309],[11.015088528245785,59.019330448779144],[11.015399665978647,59.01938084927568],[11.015589982052786,59.019407119247404],[11.015748224457601,59.0194529004368],[11.015959498677995,59.019594808160996],[11.01605258889211,59.01964613514357],[11.016201046797468,59.01968909703895],[11.016288798458412,59.01974286681511],[11.016331266956467,59.01984891770643],[11.016390365644222,59.01989416301108],[11.016603553770983,59.01997741827937],[11.016808217170835,59.020134315483965],[11.016993819501325,59.02020134650954],[11.017053316488836,59.020253706506864],[11.017124993150633,59.02027767068926]]}},{"type":"Feature","properties":{"source":"hvaler_tillegg"},"geometry":{"type":"LineString","coordinates":[[11.013897797521961,59.01994506902691],[11.014025035639039,59.019769351420045],[11.014150229103823,59.01973769417505],[11.014188432324591,59.01970893146406],[11.014182176855826,59.01968617171349],[11.014137612939322,59.01964191253234],[11.014126618352297,59.019605880136105],[11.014184296660867,59.0195218841364],[11.014186956699941,59.01949139716244],[11.014165532216293,59.019464124243456],[11.014150959726617,59.019457471644564],[11.014046675864654,59.0194094846468]]}},{"type":"Feature","properties":{"source":"hvaler_tillegg"},"geometry":{"type":"LineString","coordinates":[[11.01981802912204,59.02500034437269],[11.019752851893983,59.02493216716114],[11.019692559010476,59.02483986492069],[11.01963295557189,59.02473859302629],[11.019559989748956,59.02458853942194],[11.019444845867643,59.024314733255196]]}},{"type":"Feature","properties":{"source":"hvaler_tillegg"},"geometry":{"type":"LineString","coordinates":[[11.019897100442215,59.0250162626625],[11.019828799990677,59.02500220410307],[11.019818202885418,59.025000349717324],[11.01981802912204,59.02500034437269]]}},{"type":"Feature","properties":{"source":"hvaler_tillegg"},"geometry":{"type":"LineString","coordinates":[[11.0249854072326,59.02623987284757],[11.024911686127316,59.02613385451254],[11.024862701736811,59.026056737195994]]}},{"type":"Feature","properties":{"source":"hvaler_tillegg"},"geometry":{"type":"LineString","coordinates":[[11.021174959668981,59.03116266122477],[11.020865354975873,59.03121410010171],[11.020751638314927,59.03123218163803]]}},{"type":"Feature","properties":{"source":"hvaler_tillegg"},"geometry":{"type":"LineString","coordinates":[[11.021016237360906,59.034160982610835],[11.021088271378785,59.03415348708976],[11.021131365167165,59.03414887797572],[11.021199360046763,59.034141617852534],[11.021256443933492,59.03413519107842],[11.021410527365799,59.034116551654954],[11.021563715296804,59.034095097373296],[11.021634526833493,59.03408459700788],[11.021705953041865,59.03407330632565],[11.021787169144009,59.034058810107524],[11.021854426213409,59.034045862758795],[11.021876937710433,59.03404125011712],[11.02193006194744,59.03402984630818],[11.021970708568938,59.0340207562069],[11.022003705178387,59.03401295940067],[11.022056279190876,59.034000279916974],[11.022071949888039,59.03399599643524],[11.022124170620655,59.033980339100644],[11.022169910925175,59.033963403675735],[11.022199334736996,59.03395181078241],[11.022212216459046,59.033946003037975],[11.02226266936004,59.033923008764496],[11.022265063600843,59.033921913544205]]}},{"type":"Feature","properties":{"source":"hvaler_tillegg"},"geometry":{"type":"LineString","coordinates":[[11.010712863295359,59.0335930535529],[11.010779722717846,59.033836159476735],[11.010785257467074,59.033856109976774],[11.010824182199924,59.03399720759841],[11.010842513170118,59.03406322609735]]}},{"type":"Feature","properties":{"source":"hvaler_tillegg"},"geometry":{"type":"LineString","coordinates":[[11.012122318937104,59.03801404852799],[11.01224942446438,59.03813044019596],[11.012375370404877,59.03830496681771],[11.012413384758663,59.03835774545755],[11.012416616042707,59.038385536833616],[11.012431333619773,59.0385173466093],[11.012440840520414,59.038602333326594]]}},{"type":"Feature","properties":{"source":"hvaler_tillegg"},"geometry":{"type":"LineString","coordinates":[[11.011260586419267,59.0389354017708],[11.011236165400083,59.03891432986131],[11.011242350260721,59.038888087332275],[11.011261141288735,59.03887949572877],[11.01144085669053,59.03888827048682],[11.011509457064392,59.03888040453478],[11.01152951395497,59.03887293080341],[11.011626151877946,59.03881135424341],[11.011696335639703,59.03878231856446],[11.011876204903587,59.03873562388718],[11.01197256966835,59.0387215103863],[11.012104488458585,59.03871370693249],[11.012217171391752,59.038689756530935],[11.012388880897271,59.03865323915831],[11.012491364155865,59.03863149173468]]}},{"type":"Feature","properties":{"source":"hvaler_tillegg"},"geometry":{"type":"LineString","coordinates":[[11.037434007246432,59.03380704926179],[11.037421012678543,59.03380629178499],[11.03740824000623,59.03379906777653],[11.037364028894947,59.033725608535214],[11.037342630928851,59.03370544351164],[11.037319315845298,59.03368072442278],[11.03730143010784,59.03364673129734],[11.037291718717643,59.033617483812286],[11.037267050920457,59.033577259241646],[11.037248726552354,59.033551614054424],[11.03718246808914,59.033481795238124],[11.037124752401724,59.033416553504175],[11.03708640055781,59.033389126271196],[11.037058215784334,59.033367314868066],[11.037018650855746,59.03334587425783],[11.03698339508193,59.03332942057603],[11.036948559207838,59.033303269752444],[11.036881370844236,59.03325212300537],[11.036846474893924,59.03322498133108],[11.036813733523541,59.033209413758925],[11.036777615823778,59.03319590056401],[11.036697975546913,59.03318015552359],[11.036678118424472,59.033172354862145],[11.03665593817086,59.03315747028568],[11.036642438010611,59.03314294142247],[11.036627984541122,59.03312155040783],[11.036605751042346,59.03309956151242],[11.036587177792406,59.033086675434454],[11.03655713159275,59.03306588579522],[11.036535462555655,59.03305110675819],[11.036503213671226,59.03303429548033],[11.03643686249283,59.033012214184744],[11.036405985125377,59.03300317691394],[11.036373082305001,59.03299506658648],[11.03622694701588,59.03296757481538],[11.036028876456003,59.032936694074714],[11.03584628512203,59.03291527787781],[11.03580088053932,59.03290516614781],[11.03565856985522,59.03287779086373],[11.035615318030107,59.03287170093155],[11.035578674415978,59.03286275655219],[11.035539983243172,59.03284736601797],[11.035499473194355,59.03283111058925],[11.035484868487483,59.03282616784835],[11.035475297752278,59.03280933171769]]}},{"type":"Feature","properties":{"source":"hvaler_tillegg"},"geometry":{"type":"LineString","coordinates":[[11.044996736136591,59.03714914863192],[11.044788975010725,59.03713551768318],[11.044678343678418,59.03712521418903]]}},{"type":"Feature","properties":{"source":"hvaler_tillegg"},"geometry":{"type":"LineString","coordinates":[[10.94502283623899,59.05022593912995],[10.945087776464282,59.05015478491493],[10.945125921989233,59.05011695794206],[10.945158411977163,59.05008416870908],[10.94518363565271,59.050052320729165],[10.945204814240503,59.05001630000781],[10.945239641644244,59.0499740533033],[10.94526339586964,59.04995465704574],[10.94529340001318,59.04993257935734],[10.9453211416209,59.04991636498607],[10.945389160010059,59.04988271042095],[10.945464778461986,59.04985711619497],[10.945585974173897,59.04981352839289],[10.945634617790484,59.04979617034944],[10.945670863554213,59.049778873568116],[10.945691874596513,59.049767932959966],[10.945722646737833,59.04974821694284],[10.94574156174191,59.049734333501966],[10.945772998639402,59.04971194093506],[10.945836747469135,59.049665654681625],[10.945912766356765,59.049607075077176],[10.945959061181256,59.04956968291963],[10.945980190284159,59.049551822748846],[10.946017564677456,59.049514600778906],[10.946071218965667,59.049448847066834],[10.946112061225591,59.04939258243537],[10.9461469157778,59.049342693857824],[10.946173206317205,59.0492988309261],[10.946182735073206,59.04925947816717],[10.94618347519935,59.04922065940161],[10.946174104956041,59.04918026526511],[10.946152155918615,59.04911484136026],[10.946104859791372,59.04903055140279],[10.946091664570583,59.04899003747569],[10.94608642328643,59.04893979240736],[10.946081287693158,59.04888865152899],[10.946070674650286,59.04884695969372],[10.94605419315802,59.048818031396294],[10.946033944222982,59.048789974145414],[10.946006314126391,59.04876087653232],[10.945987815241022,59.04874609112979]]}},{"type":"Feature","properties":{"source":"hvaler_tillegg"},"geometry":{"type":"LineString","coordinates":[[10.945987815241022,59.04874609112979],[10.945961494363486,59.048725126578454],[10.945888481598665,59.0486739279487],[10.945845099028748,59.04864226899524],[10.945810677834103,59.04861304856444],[10.945757580398261,59.04856463144453],[10.945732943945643,59.04853382928174],[10.945723279739754,59.048522557355795],[10.945699729447048,59.048504736521075],[10.945662160473757,59.04848297006275],[10.945581922952563,59.04843828836104],[10.945496180596534,59.04839145612808],[10.945459986417918,59.04837135108015],[10.945428454938774,59.04835166179802],[10.945363155106081,59.048306099133065],[10.945312879679316,59.04826631183309],[10.945274464697519,59.04822509776977],[10.945244137336784,59.04819816328468],[10.945191959187111,59.04816119351594],[10.945146283789065,59.04813566640814],[10.945101529544841,59.04811268567194],[10.945014798689003,59.048078679537745],[10.944924571026107,59.04805508350519],[10.944829290872871,59.04803141904526],[10.944705319769742,59.04800245002918],[10.944601887018113,59.04797097739185],[10.944579783906075,59.04796012489382],[10.94453403995131,59.0479366633831],[10.94447035873614,59.04790697544735],[10.944411160490095,59.047879226166295],[10.944370163909182,59.0478554637647],[10.944341109889537,59.047835492164396],[10.94427331852131,59.047794795999934],[10.94424488844455,59.04778284609356],[10.944220850778068,59.047775079839134],[10.944185317075188,59.04776713322128],[10.944143554904162,59.04776168880736],[10.944057667022538,59.04775899779015],[10.943913170007454,59.04775905583083],[10.94375870291003,59.04776374646627],[10.943618667539498,59.047765922046246],[10.943519352269831,59.047770542353184],[10.943489678186602,59.04777356860588],[10.943449181128099,59.047779582441215],[10.94342109638308,59.047786884349975],[10.943391950745168,59.047798738522516],[10.943355240713215,59.04781997623063],[10.943294456170737,59.04785889145916],[10.943224551625702,59.04791001863282],[10.94319135967706,59.047933973999925],[10.9431533651277,59.04796461216838],[10.943117142122015,59.04799206901116],[10.943109447333615,59.04799812170732],[10.943096757471846,59.0480050968056],[10.943054752453708,59.048025359285845],[10.942992889320907,59.048046797639984],[10.942959608243871,59.048056723875256]]}},{"type":"Feature","properties":{"source":"hvaler_tillegg"},"geometry":{"type":"LineString","coordinates":[[10.945987815241022,59.04874609112979],[10.946035180925554,59.04870108999025],[10.946110274318636,59.04862962392855],[10.94613909196784,59.048558417016686],[10.946227781523525,59.04842938348674],[10.946352738980604,59.048319827633044],[10.946358327275375,59.048213277197654],[10.94638302403735,59.0481577656994],[10.946579849189558,59.04800109846192]]}},{"type":"Feature","properties":{"source":"hvaler_tillegg"},"geometry":{"type":"LineString","coordinates":[[10.941129688434163,59.05228259604834],[10.941012188931758,59.052248971389375],[10.940981636588603,59.052240191119154],[10.940957660106129,59.05223188675412],[10.940932209362133,59.05222128835692],[10.940887731040903,59.052200382851105],[10.940844454819324,59.05217816633749],[10.940821482322464,59.05216431887076],[10.940771498678233,59.05213092273776],[10.940729125262099,59.0521054976515],[10.940692777392556,59.05208520665442],[10.940669408886441,59.05207323489664],[10.940629069295902,59.05204832310763],[10.940589679298382,59.052021283188466],[10.940523540061086,59.05197838914888],[10.940457074390759,59.05193530501149],[10.940394308792216,59.05189044870754],[10.940364776006351,59.051867134478094],[10.940330067622703,59.051835925493215],[10.940306876319042,59.051807685113296],[10.940281356560336,59.05176813268592],[10.940249441070074,59.05171624154012],[10.940209375983747,59.051650607986275],[10.940176034898222,59.05159453614999],[10.94013366725388,59.05153952991076],[10.940117159314925,59.051518242496485],[10.940085280507795,59.05147786121265],[10.94006222117771,59.05144998456685],[10.940041006451908,59.051431606547034],[10.94003252270052,59.05142216944173],[10.940017600964005,59.051400751932874],[10.940009655510345,59.051389713287655],[10.940002915096503,59.05138176944883],[10.93999696392884,59.05137600825457],[10.939994862266675,59.05137459366023],[10.939976546030318,59.05136565739929],[10.93997438086086,59.05136478028617]]}},{"type":"Feature","properties":{"source":"hvaler_tillegg"},"geometry":{"type":"LineString","coordinates":[[10.92792861843094,59.05169540497958],[10.927936603645929,59.05169871318931],[10.927965698766736,59.05171239598881],[10.928010568132857,59.05174024169946],[10.928025261775176,59.05174879602993]]}},{"type":"Feature","properties":{"source":"hvaler_tillegg"},"geometry":{"type":"LineString","coordinates":[[10.933872982188895,59.05044481459577],[10.933800052043615,59.050394510579935],[10.933721798065042,59.05036265119162],[10.933619023994499,59.050335955771814],[10.933541209293097,59.050309235082345],[10.93342694948525,59.05030438711626],[10.933316920038166,59.05033752513386],[10.93304073995823,59.05036778111885],[10.932034792942732,59.05008783570523],[10.930623916367272,59.04982023945347],[10.93009284979695,59.04981739084864],[10.929728110717772,59.04986157926278],[10.928435272965357,59.050664395754595],[10.928328036376561,59.05089335772445],[10.92804375634775,59.051092024955224],[10.928016902945693,59.05124645978595],[10.927947116721496,59.051315475663465],[10.927743244941883,59.051398166389035],[10.927652108004901,59.05146030651901],[10.927790188872624,59.05157785034911],[10.92792861843094,59.05169540497958]]}},{"type":"Feature","properties":{"source":"hvaler_tillegg"},"geometry":{"type":"LineString","coordinates":[[10.923017952077101,59.05203518965823],[10.923074455736668,59.05201790751734],[10.923216276635047,59.05198173297352],[10.923348149160548,59.05195585474939],[10.923384337213564,59.051956814484384],[10.923409422107525,59.05195868335834],[10.923541135185921,59.05197092306622],[10.923559605030498,59.05196970639326]]}},{"type":"Feature","properties":{"source":"hvaler_tillegg"},"geometry":{"type":"LineString","coordinates":[[10.927044234425662,59.0520227397713],[10.92684891732651,59.05194340556344],[10.926734187670537,59.051911563119845],[10.926606931167985,59.051864670609234],[10.9264355877259,59.051765679831526],[10.926317598105909,59.05172159617318],[10.926192396954987,59.05169859483363],[10.92574533639048,59.05168911141361],[10.925469908171424,59.05171434011708],[10.925330803358632,59.051757076286094],[10.925155352204992,59.05177663958895],[10.925035099637366,59.05180315511734],[10.924970974272204,59.0518023054874],[10.924816214483696,59.05177837236363],[10.924706804630656,59.051784099348595],[10.924488632412979,59.05185042037453],[10.924240297200319,59.05188558064219],[10.92415432090371,59.05190562180088],[10.924081592122109,59.05193021599618],[10.92398305357295,59.051982589880765],[10.923898162671229,59.05200230539853],[10.923658977317265,59.05200151770662],[10.92365179129723,59.05200030239146],[10.923623741854534,59.051991057258945],[10.923579372012995,59.05197815126151],[10.923559605030498,59.05196970639326]]}},{"type":"Feature","properties":{"source":"hvaler_tillegg"},"geometry":{"type":"LineString","coordinates":[[10.919406015209171,59.055450845643065],[10.919087549758965,59.05551480629697],[10.918968468263753,59.05553865605058],[10.918565353365153,59.055611366101346],[10.91811059329645,59.05568829101171],[10.91798033499999,59.055710708532686]]}},{"type":"Feature","properties":{"source":"hvaler_tillegg"},"geometry":{"type":"LineString","coordinates":[[10.921203898768205,59.056113424766934],[10.921177820771753,59.056111074671634],[10.921157051753807,59.05610664399927],[10.921146404534587,59.056103701079785],[10.921095683880214,59.05608250205593],[10.92108311261079,59.056075182680864]]}},{"type":"Feature","properties":{"source":"hvaler_tillegg"},"geometry":{"type":"LineString","coordinates":[[10.923850059138944,59.05649896066116],[10.923745050670663,59.056530720662685],[10.923536240693197,59.05659877407606],[10.923507179434708,59.056606850356935],[10.923290630140956,59.0566665675358],[10.923117236897017,59.05673034071128],[10.923061876710381,59.056755571378275],[10.922995155002576,59.056775049464854]]}},{"type":"Feature","properties":{"source":"hvaler_tillegg"},"geometry":{"type":"LineString","coordinates":[[10.9249589521464,59.05978206336517],[10.924963613028538,59.05976926259257],[10.924966072849076,59.05975441446099],[10.92497005930504,59.05974141263614],[10.92497552313965,59.05973214373951],[10.924982019854456,59.05972299726338],[10.924988204492363,59.059715009833326],[10.92499711378424,59.05970171337867],[10.924998726266233,59.059691064487225],[10.924993092855349,59.0596576193975],[10.924996108133673,59.05963514614692],[10.925004303139952,59.059602855579676],[10.925030532220964,59.059555397826806],[10.925045519554047,59.05951882538257],[10.925067241175102,59.059472574457324],[10.925085048691969,59.05942988677452],[10.92510220118324,59.05939419168459],[10.92512979407444,59.059336706589264],[10.925134874969633,59.05931447817216],[10.925138946317746,59.059300759712144],[10.925141602229404,59.059290143658615],[10.925139615534992,59.05927893192867],[10.925133030557976,59.0592593934039],[10.925128983054426,59.059253781331364],[10.925113635676087,59.05923747363938],[10.925109314733728,59.05923122356974],[10.925104886490116,59.05922146351813],[10.925104874828476,59.059217147329754],[10.92510430565161,59.05921164472683],[10.925104593886998,59.05916948462705],[10.925103271521296,59.05913060061677],[10.92510097563545,59.059117580895794],[10.925097431498058,59.05910919736253],[10.925081730414336,59.059082628457084],[10.925056254111318,59.059038398697965],[10.925034803049451,59.05899555439972],[10.925024367725753,59.05896285730717],[10.925018088188828,59.05894368803845],[10.925010789285295,59.0589213397333],[10.925006179212424,59.05889251240806],[10.924997732409425,59.05886365424102],[10.92498752910928,59.058836359223406],[10.924981922174362,59.058824763809056],[10.924972612780133,59.05881053430242],[10.924945047994635,59.058773611644085],[10.924925941440014,59.05875367900241],[10.924915581859498,59.05874094495758],[10.924911335401701,59.05873406783273],[10.924910766260584,59.058728565229096],[10.924913270544614,59.05872217031593],[10.924922030812752,59.058710127961085],[10.924929937031418,59.05870381315477],[10.924940855771714,59.058694176471185],[10.924950446962269,59.05868395852613],[10.924963494135856,59.058669623443954],[10.924969752966412,59.05866100896232],[10.924973895818441,59.058649630494386],[10.92497576328965,59.0586368317177],[10.924977282933526,59.05862402199363],[10.924974845907307,59.058598949489955],[10.924972665152664,59.05859231720796],[10.924965028324175,59.05858164694617],[10.924960217629291,59.05857511171583],[10.924944646437844,59.05855627938816],[10.924926029673527,59.05852044756555],[10.924908824484065,59.058480074606564],[10.9248820435505,59.058439490166755],[10.924869394210617,59.058423986657935],[10.924830276266741,59.05838292399017],[10.924807914928055,59.05836100070855],[10.924763532408676,59.05831428762344],[10.924748451289634,59.058295740431305],[10.924735979845149,59.058281681113854],[10.924720083327365,59.05826706442331],[10.924700861260307,59.058252522881844],[10.924688621756799,59.05824386563802],[10.924667652866598,59.05822639189277],[10.92465910414626,59.05821605255804],[10.924647154498235,59.058202009654806],[10.924637786485851,59.05819416209344],[10.924615355841896,59.05817871032617],[10.924601813991,59.05817073138343],[10.924586258640725,59.05815765393365],[10.924555274567933,59.05815838699502],[10.924540460298461,59.05815819042281],[10.924529440174902,59.05815838301735],[10.924521177497711,59.058157403626424],[10.92451550898494,59.058155157197795],[10.924502974881348,59.05814604109651],[10.924483709500137,59.05812745207163]]}},{"type":"Feature","properties":{"source":"hvaler_tillegg"},"geometry":{"type":"LineString","coordinates":[[10.9249589521464,59.05978206336517],[10.925014082508074,59.0598676872504],[10.925030749114027,59.05989347732704],[10.925245817935233,59.06011567726361],[10.925295406032715,59.0601891681638],[10.925298399666536,59.06029931579719],[10.925374188331556,59.06041094505158],[10.925384137703753,59.06058901599738],[10.92543138606865,59.06068518116161],[10.925525819452675,59.06078975442517],[10.925523923653854,59.06097644388448],[10.925614133650011,59.06115047674654],[10.925726682219675,59.06128484154495],[10.925957185300605,59.06150213088917],[10.926012222459539,59.06161949054578],[10.926216078557603,59.06194077933091],[10.926476499418909,59.06221646316541],[10.926551389226544,59.06232248867642],[10.926699410095582,59.062459586817496],[10.926753550458775,59.0625418518511],[10.926916756099363,59.062733464985946],[10.926927125263337,59.062835932126816],[10.926966764074717,59.06289769032634]]}},{"type":"Feature","properties":{"source":"hvaler_tillegg"},"geometry":{"type":"LineString","coordinates":[[10.929758852617038,59.06666462305928],[10.92976495996321,59.06664845092207],[10.9297659598043,59.06662528488591],[10.929763066465735,59.06660550307354],[10.929766236928037,59.066596431636704],[10.9297758927109,59.0665856758789],[10.929824351888646,59.06654952562509],[10.92986820075638,59.06651691686684],[10.92987454235205,59.06651055256653],[10.929881223702616,59.06650132174021],[10.929887069599724,59.06648882779952],[10.929881765409588,59.06645845043641],[10.929856242756777,59.066405678725125],[10.929812783385813,59.066356928774724],[10.929804642794368,59.066346063210936],[10.92980263550297,59.06633206365823],[10.929816161642483,59.066294545669194],[10.929814281029273,59.066267692589875],[10.92981167261277,59.06626023776615]]}},{"type":"Feature","properties":{"source":"hvaler_tillegg"},"geometry":{"type":"LineString","coordinates":[[10.929758852617038,59.06666462305928],[10.929829026127635,59.066722214905546],[10.92987436687308,59.066759515154494],[10.929905544627227,59.06680140534335],[10.929894425960983,59.06684070735087],[10.929759996507514,59.06703060348192]]}},{"type":"Feature","properties":{"source":"hvaler_tillegg"},"geometry":{"type":"LineString","coordinates":[[10.92995654208223,59.06858966207063],[10.929986388665634,59.06861775373],[10.93007397345694,59.06869495403581]]}},{"type":"Feature","properties":{"source":"hvaler_tillegg"},"geometry":{"type":"LineString","coordinates":[[10.889250768093593,59.08885769858413],[10.889329586348575,59.088942111892415],[10.88941209436742,59.08904093865163],[10.889483790430095,59.089113347036786],[10.88955943784914,59.08918048587405],[10.889645853781985,59.08923357999711],[10.889748452345875,59.08931056530559],[10.889821246387147,59.08938840319005],[10.889888833731138,59.08943532503712],[10.889919490620015,59.08946965600759],[10.89002512042565,59.089503847975834],[10.89008773588478,59.08952372750578],[10.890146011486184,59.08957691755034],[10.89018922165938,59.08959105626018],[10.890214930321703,59.08959960451229]]}},{"type":"Feature","properties":{"source":"hvaler_tillegg"},"geometry":{"type":"LineString","coordinates":[[10.898681543149324,59.087428734449055],[10.898668767137494,59.08741430334915],[10.898651635778156,59.087363229208776],[10.898649082901333,59.08733635396529],[10.898632479007883,59.08728232935345],[10.89858919737261,59.0871620925018],[10.898600605401638,59.08711488910196],[10.898596981815299,59.08709697137191],[10.89858974536038,59.08706104633632],[10.8985460953267,59.08703889414713],[10.898483447526214,59.08703097627346],[10.898409486455066,59.08702270016214],[10.898359396884745,59.087006188435204],[10.898316627868516,59.08697812972412],[10.89829375356625,59.086926873678664],[10.898297651389775,59.08689426833721],[10.89828820537489,59.0868286016359],[10.898270542139754,59.08678344492001],[10.898192979977885,59.08665915526622],[10.898132358243595,59.08657730198469]]}},{"type":"Feature","properties":{"source":"hvaler_tillegg"},"geometry":{"type":"LineString","coordinates":[[10.899924852706675,59.087863893703755],[10.89996341731287,59.08792715499641],[10.900015461642656,59.087985807714],[10.90021558855488,59.088056789700595],[10.900334772292334,59.0880989548718],[10.90040398135376,59.08811777921389],[10.900542235147284,59.088171427282646],[10.900603942508608,59.08820332139687],[10.90075098995695,59.08824771661447],[10.90084065214799,59.08826206282319],[10.900939143920942,59.08825807615272],[10.901092885589115,59.08824351936387],[10.901223637766478,59.08824882531691],[10.901328344040666,59.08826301778],[10.901408844869177,59.088292628852926],[10.901473086384707,59.08832379348261],[10.901588725111008,59.088392729573904],[10.90173382589461,59.088463676583764],[10.901852671312646,59.08851455124173],[10.90196496889309,59.08853833437134],[10.902099333532023,59.08855436353859],[10.902255453675275,59.08853745291364],[10.902372653522649,59.08851580437827],[10.902495813163778,59.088488140186335],[10.90254094708777,59.08848327379079],[10.902630634095177,59.088493033905614],[10.902664817665418,59.08850085863813],[10.902752543882531,59.08855776146176],[10.902848591976197,59.088641541938934],[10.902944744593603,59.088722987878626],[10.902982950042986,59.08879369963061],[10.902988646094403,59.088861584951104],[10.902936163894406,59.088917739785856],[10.90287418301052,59.088972964792276],[10.902839929268671,59.08903302291622],[10.902777584475853,59.08907519885509],[10.902735618418708,59.089119368012256],[10.902738181468884,59.08913887048362],[10.902760905679319,59.08915487456496],[10.902798465120933,59.08916954956255],[10.90286013160707,59.08920620666428],[10.902900317428525,59.089250096802715],[10.902983553459764,59.089280242893466],[10.903062330177207,59.08928920804712],[10.903135588446178,59.08930195484502],[10.903232853940896,59.089330206682476],[10.90329952618114,59.089351286928746],[10.903342824489537,59.08939545516922],[10.903409310587868,59.08946930892004],[10.903455213534809,59.08953702700507],[10.903539409917574,59.08960011156149],[10.903621377733359,59.08965845006642],[10.903675321268803,59.0897159023838],[10.90371227951766,59.08977659398596],[10.903732154819066,59.089819392042315],[10.903763408650912,59.08986201039422],[10.903842573948259,59.08992187857302],[10.903919915141682,59.08997800255467],[10.904004555225503,59.090012508191364],[10.904086848879196,59.09004325311486],[10.9042180169776,59.090083185871386],[10.904322819201049,59.09011419269124],[10.904448565018013,59.0901410061868],[10.904508838289411,59.09017033536428],[10.904574805504131,59.09022807745317],[10.904652225733916,59.09026891810758],[10.904693089249278,59.0902969142925],[10.904740501337804,59.09030371798723],[10.904784618072233,59.0903161719777],[10.904794276903056,59.09032600816838],[10.904774189544243,59.09040206966034],[10.90481155901201,59.0905076408787],[10.90483454078046,59.09060493477593],[10.904843179221556,59.09068918733377],[10.904818974939339,59.09073679584672],[10.904744953622036,59.090793349502],[10.904718970541175,59.09086463901524],[10.904674898751185,59.090942549815956],[10.90468432626277,59.090998234741335],[10.90469692690225,59.09105222169629],[10.904678744572474,59.09109768279447],[10.904652839369584,59.09113318906617],[10.904633957570462,59.09115084468119],[10.904578463954028,59.09116635386254],[10.90453958270461,59.09119785335859],[10.904496473133227,59.09120476261668],[10.904427814578435,59.09120906589506],[10.904376116612942,59.09120302575556],[10.904262521368205,59.091156365796145],[10.904232031288837,59.09115270444061],[10.90415089711429,59.09116344660464],[10.904082133165062,59.09119058448186],[10.90399001450506,59.091234786865435],[10.903933908974723,59.09125980729992],[10.903855116303854,59.09127727694236],[10.903777047934303,59.0912872166759],[10.903734903911632,59.091303597169805],[10.903686574987193,59.09132787433693],[10.903570758979004,59.09136566257476],[10.90346935100572,59.0914057045854],[10.903402925877788,59.091443975483784],[10.903309922686365,59.091508739722094],[10.903217421921761,59.09156929383601],[10.90313366244242,59.09164882640653],[10.903093114393796,59.091685487800945],[10.903052608213367,59.09169985186353],[10.903002022128696,59.09171668447626],[10.903013900891768,59.091743045246936],[10.903009888188556,59.09177079165536],[10.903002009753397,59.09180749711633],[10.902989628828358,59.09182337999412],[10.902884741466869,59.09183840540382],[10.902776521154298,59.09186231671331],[10.902665209830413,59.091901865111026],[10.902575501407687,59.0919346338081],[10.902504666793215,59.09197762017603],[10.902467433408793,59.09203479669043],[10.902408150923085,59.09207176449542],[10.902323312199574,59.092135437615646],[10.90222616317463,59.092169049715736],[10.902111243682114,59.0921949065386],[10.901975755702589,59.0922174152268],[10.901866133115384,59.092242809992136],[10.901784231590103,59.09226872192398],[10.901760895849678,59.0922797624633],[10.9017379332142,59.092297918003915],[10.901737676332393,59.092343945823295],[10.901746345972215,59.092392773610975],[10.90169986541399,59.09244543146088],[10.901667248367772,59.09246687814348],[10.901654969899168,59.09251845999307]]}},{"type":"Feature","properties":{"source":"hvaler_tillegg"},"geometry":{"type":"LineString","coordinates":[[10.84730333484354,59.084021914990146],[10.847357587093475,59.08402401398848],[10.847579040159156,59.084021672274744]]}},{"type":"Feature","properties":{"source":"hvaler_tillegg"},"geometry":{"type":"LineString","coordinates":[[10.845064025557692,59.085574364185334],[10.845048536361812,59.08554068795352],[10.845081823287567,59.08551972601316],[10.845135018825665,59.08544689110832],[10.84515730123333,59.085402827156884],[10.845157987504804,59.085374075717624],[10.845207861301803,59.085321455491496]]}},{"type":"Feature","properties":{"source":"hvaler_tillegg"},"geometry":{"type":"LineString","coordinates":[[10.84485004542406,59.08636029886999],[10.844947788867875,59.08617065209342],[10.844951897724131,59.08616269136014],[10.844954564346914,59.08603824179172],[10.844980316747746,59.08599294041224],[10.845064247247741,59.085907244181016],[10.845094645616218,59.08583511669825],[10.845069535157306,59.0856558259202],[10.845064025557692,59.085574364185334]]}},{"type":"Feature","properties":{"source":"hvaler_tillegg"},"geometry":{"type":"LineString","coordinates":[[10.844780021495003,59.08692983515328],[10.844783488099143,59.086919965562885],[10.844890138927926,59.08685154295246],[10.84494310370723,59.08679650425462],[10.844994186321681,59.08661129521079],[10.844969494514462,59.0865771439572],[10.844855314298256,59.086504335159916],[10.844827507454166,59.08645695606197],[10.84482440389095,59.08641333665415],[10.844843967411245,59.08636720734696],[10.84485004542406,59.08636029886999]]}},{"type":"Feature","properties":{"source":"hvaler_tillegg"},"geometry":{"type":"LineString","coordinates":[[10.843646946120794,59.087044184369816],[10.843690752085465,59.08709072834197],[10.843720847617965,59.087156704062345],[10.843759175661836,59.08721673964001],[10.843791383820719,59.08725373990053],[10.843783356652168,59.087291157609],[10.84380387687871,59.08730925992772],[10.84382430207182,59.08733680048872],[10.843843748590084,59.08736520881588],[10.843881186433117,59.08739365488534],[10.843939518776397,59.08741836539202],[10.84399284433559,59.08743248485162],[10.844045151815612,59.08746077852416]]}},{"type":"Feature","properties":{"source":"hvaler_tillegg"},"geometry":{"type":"LineString","coordinates":[[10.844110002806055,59.08770572518383],[10.844118927875225,59.087688297860176],[10.84410718265187,59.08766121566812],[10.844061420886334,59.08759042142204],[10.844035896803,59.087537180864224],[10.844030023930847,59.08750489204276],[10.844045151815612,59.08746077852416]]}},{"type":"Feature","properties":{"source":"hvaler_tillegg"},"geometry":{"type":"LineString","coordinates":[[10.8372697048455,59.096381618063084],[10.837256096590158,59.0964116628176],[10.83721672833068,59.09648835626494],[10.837226940712942,59.09655684178111],[10.837362557413927,59.096708034267515],[10.837478332852776,59.09699679212168],[10.837632211460965,59.097163137600866],[10.837684441264285,59.0971935891472],[10.837827383625376,59.097236935734415],[10.838282335075773,59.09735045963087],[10.838385000699754,59.097407438069375],[10.83851126524564,59.09753495026284],[10.838609012011636,59.09773905506302],[10.838602849489694,59.0979497132172],[10.838657402619567,59.0980863413702],[10.838646310585661,59.09813310177527],[10.838577654856676,59.09823079474562],[10.83857592280903,59.098296918252174],[10.838659960326373,59.09840949639245],[10.838728362653752,59.09844496275827],[10.838867732826174,59.09849619596495],[10.83900328257663,59.09861060808399],[10.839027825658205,59.098654646513786],[10.839053067073245,59.09878511786984],[10.839131072302019,59.09892438717963],[10.83917147761276,59.098950052353736],[10.839236245004848,59.09897083508601],[10.839498104893421,59.099010805077576],[10.839676844058602,59.099113565276156],[10.840065232465411,59.099219909517295],[10.840121058686865,59.09925245361595],[10.84021624335512,59.09935100172801],[10.840311385138813,59.09939083244545],[10.840613810858079,59.09946672056967],[10.84076493253838,59.09953640219425],[10.840802974149257,59.09953978139615],[10.840901914114356,59.09952236642358],[10.841065999689706,59.0995557776225],[10.841252525187242,59.09965204163332],[10.841315834732779,59.09976413230144],[10.84136038424918,59.099770058064024],[10.841479784976055,59.09976840544557],[10.841546817102573,59.09978206627726],[10.841592520870945,59.09979144585589]]}},{"type":"Feature","properties":{"source":"hvaler_tillegg"},"geometry":{"type":"LineString","coordinates":[[10.9333938579463,59.06862589779109],[10.933390805054366,59.06862661113477],[10.933184690772594,59.06868766272489]]}},{"type":"Feature","properties":{"source":"hvaler_tillegg"},"geometry":{"type":"LineString","coordinates":[[10.91798033499999,59.055710708532686],[10.917859076715986,59.0557381751082],[10.917731951694654,59.05575772403865],[10.917655831055326,59.055756402785775],[10.917620270858189,59.055751595048925],[10.917550935618634,59.05574311479663],[10.917476944288273,59.05573709517202],[10.917432405455614,59.05573587053052],[10.917365835044828,59.05573790731473],[10.917321090439112,59.055741351641714],[10.917297681832746,59.05574151259241],[10.917247535728288,59.05574047071651],[10.917213622325146,59.05573796263295],[10.917166198223928,59.055734578903426],[10.917049907548472,59.05572758473535],[10.917031509993407,59.05572376765343],[10.916968328732098,59.05569875726941],[10.916951396898284,59.055694357006765],[10.916922263933692,59.05568687454444],[10.916867003959894,59.055678927733894],[10.916833509416398,59.0556787705075],[10.916782465534942,59.0556838142466],[10.916749769500187,59.05568134443387],[10.916726939423052,59.05567810681708],[10.916598455202193,59.05564887870055],[10.916489834339218,59.05562288445532],[10.916371883765848,59.055585806225764],[10.91633125981008,59.05557220671612],[10.91631466533828,59.05556350116344],[10.916266109810897,59.05554173906783],[10.91617630605783,59.05549988393203],[10.916103618769467,59.05545793926155],[10.91599342047013,59.05539970580388],[10.915928147060356,59.05536294013723],[10.915919079864674,59.055356989558774],[10.915906907503702,59.055347794053745],[10.915894660730089,59.055334819834684],[10.915863946625306,59.05528925385052]]}},{"type":"Feature","properties":{"source":"hvaler_tillegg"},"geometry":{"type":"LineString","coordinates":[[11.002621715933751,59.03729175679855],[11.002653684687301,59.037265861321224],[11.002757508412405,59.037201096539114],[11.002873665860168,59.037135274031755],[11.003093817714817,59.03699570076824],[11.003281476932239,59.036873015709084],[11.003402446488117,59.03678378520153],[11.003531064234803,59.036699286200275],[11.003608123717866,59.03665464317792],[11.003736534670159,59.0365854221345],[11.003787770903376,59.03655733412801],[11.003809773652122,59.03654362803659],[11.003924979158564,59.036466446741564],[11.003950606261999,59.03644556990123],[11.003967477639293,59.036430986085364],[11.004022542713452,59.03637595360382],[11.00403613954647,59.03636252740782],[11.00407412171698,59.03632539883259],[11.0041615695591,59.03624088692393],[11.004166522023523,59.03623429664786],[11.004168245724935,59.03623147277635],[11.004183069106102,59.03614444898556],[11.004190345049707,59.03612687163758],[11.004195967875953,59.036117514878526],[11.004203269568839,59.03610722095171],[11.004296665216197,59.036009046611184],[11.004313748514855,59.035995638115786],[11.004477938745296,59.03588418486071],[11.004557348438176,59.035838804702216],[11.00457357065737,59.03583130358539],[11.004596577962612,59.03582095501657],[11.004701266484648,59.03577419731082],[11.004709382769223,59.03577040194951],[11.004717561511175,59.035766069062014],[11.004733984600174,59.035755337404936],[11.004901763530354,59.035612975854015],[11.004986720071685,59.03551984520921],[11.00500340533334,59.03550084999213],[11.005008391892,59.035492462562424],[11.005128282093654,59.035266805452444],[11.005214937039762,59.03511249912811],[11.005283459556209,59.03501967026145],[11.005290458845696,59.035011974308496],[11.005298685215477,59.03500422631995],[11.005312295556946,59.034993677511316],[11.005327737668328,59.034982376058004],[11.005434027444485,59.03490078258836],[11.005439456144362,59.03489609505718],[11.005444766189669,59.034889425867476],[11.005450221939162,59.034881502449785],[11.005457324186018,59.03486841513171],[11.005465855419821,59.03485654073294],[11.005474863329868,59.03484656913284],[11.005483333162575,59.03483972773733],[11.005495157418308,59.034832540325624],[11.005509352563475,59.03482596553987],[11.005529063813523,59.03481695363864],[11.005824735127844,59.03465471228372],[11.005908770575179,59.0346100135906]]}},{"type":"Feature","properties":{"source":"hvaler_tillegg"},"geometry":{"type":"LineString","coordinates":[[11.0234647887939,59.03706959640033],[11.02324209667148,59.037084062670786],[11.023197556006261,59.03708305380394],[11.023127084326315,59.03708151790679],[11.022958133839651,59.037058165305055],[11.022669212576066,59.03699219578224],[11.022592904678662,59.03696269867138],[11.02251292824226,59.03693174015733],[11.022369635589838,59.036914299991345],[11.022233687722586,59.03691479727022],[11.022121633573237,59.036930414028085],[11.022023577795883,59.03695922786095],[11.02185223811757,59.037025888228506],[11.021681879162943,59.03711874177206],[11.021620579189905,59.03716307034997],[11.02158873680851,59.037215137364285],[11.021620767375056,59.0372579291426],[11.021604581081744,59.037322435154536],[11.021559041098593,59.0373195069429],[11.021523157036132,59.037334137865685],[11.021363912342988,59.037490717855306],[11.021343776838393,59.037556181347796],[11.021396433562487,59.037669465777896],[11.02137326927007,59.03770381788908],[11.021313713369832,59.037743614646324],[11.0213127712901,59.03780903876736],[11.021221989960502,59.03783978391595],[11.02100745627986,59.03794800165721],[11.02087351103302,59.03803666908585],[11.020867810034144,59.038078390997065],[11.02075103423686,59.03811516971854],[11.020660175262067,59.038161646029494],[11.020573237198464,59.03821795290418],[11.020495132264506,59.03829440099524],[11.02044633300861,59.038327155639365],[11.020354463130246,59.03836577866666],[11.020132800895638,59.03843304751117],[11.020041084859685,59.03848992641011],[11.01996831935013,59.038520235703686],[11.019758079685749,59.03867416699658],[11.019701169903035,59.03876340402344],[11.019701061700156,59.03889241889413],[11.019641213512132,59.03900853799057],[11.019464233967831,59.03925034295723],[11.019426421428744,59.03934789928168],[11.01927340062188,59.03951383907784],[11.019175104245974,59.03959586917637],[11.019116288918726,59.03967290979111],[11.018993262999931,59.03976209112787],[11.018827181857345,59.03992025631438],[11.018742871468454,59.04002159701333],[11.01866353582803,59.04016283010356],[11.018469189680506,59.04029387231488],[11.018076381137899,59.04044686055152],[11.017907759258344,59.04054255022452],[11.017837865303683,59.04060675227354],[11.017723097282671,59.04079175903411],[11.017664922502318,59.04083762063227],[11.01762876883667,59.040965976209],[11.017563235250543,59.04111149943066],[11.017578769962574,59.04129215349541],[11.017435339428056,59.04149111309291],[11.017376521740719,59.04162533462086],[11.017373908545256,59.04168854962859],[11.017395639043981,59.041779576007855],[11.017353500154819,59.04183609051336],[11.017349843796119,59.04189927342527],[11.017308158347419,59.04201361287728],[11.017323217689755,59.04210650189957],[11.017352696463652,59.042163781356955],[11.017379642587427,59.042267015905686],[11.017429820026337,59.04235496152666],[11.017456955958831,59.04244903124931],[11.017444069912061,59.0425331485401],[11.017454718618126,59.04262796972205],[11.017404251857936,59.04270967207442],[11.017409581264623,59.04277510942515],[11.017492059760452,59.04287942309413],[11.017636705726888,59.04300435018225],[11.017648535625446,59.043042295762426],[11.017649776026792,59.04308881647599],[11.017690380045021,59.04308170416371],[11.017761670670593,59.04308983127904],[11.017857794168672,59.043127582822784],[11.018003815218307,59.04325722697901],[11.018135658416455,59.04334660549815],[11.018162764954162,59.043386729188704],[11.018281340938318,59.04344755817345],[11.018468805873631,59.04350412245292],[11.018710821921102,59.04359284309869],[11.018798433544376,59.04361522753146],[11.018894636475643,59.043625199073524],[11.019136917222722,59.04361071247175],[11.019282384389467,59.043627683113336],[11.019357486613165,59.04365112100568],[11.019547214140514,59.04374542474483],[11.019623440382771,59.04381340155604],[11.019711406268051,59.043838763208015],[11.019869569658875,59.04386664279543],[11.020174067305444,59.04399594214597],[11.020286450096899,59.044095239248115],[11.020455564375208,59.04417020695137],[11.020574105757904,59.0442630399051],[11.020933642837678,59.044444467711756],[11.021075044717142,59.0445568835354],[11.02115458585559,59.044639975876336],[11.02142060867977,59.044788228871255],[11.02146357904297,59.0448375604058],[11.021495330486667,59.0449250277569],[11.021600057943726,59.04498650675177],[11.021952105930565,59.04510611432796],[11.02229945557738,59.04519698579495],[11.022393397536435,59.045237094229336],[11.022579635322003,59.04525162749447],[11.023057500790348,59.04538624618889],[11.023318932311552,59.045476273430396],[11.023486772430774,59.04556387477143],[11.023725058265114,59.04562172239435],[11.023801452715997,59.045661200853196],[11.023945991630944,59.04577829490005],[11.023976969965478,59.04581368108558],[11.02400699919125,59.04589498103785],[11.024126231992659,59.045980459206994],[11.024299443581503,59.04606993262136],[11.024566263332636,59.04617378864132],[11.024773010725989,59.04622527122343],[11.024862662755291,59.04622406822905],[11.025105255429242,59.046196453174716],[11.025216228197221,59.046205524721394],[11.025266726494616,59.04623206958199],[11.025318878720096,59.04630919339029],[11.02535231253503,59.04633845095981],[11.025551729494255,59.04645183347498]]}},{"type":"Feature","properties":{"source":"hvaler_tillegg"},"geometry":{"type":"LineString","coordinates":[[10.926966764074717,59.06289769032634],[10.926984377762025,59.06291110190781],[10.926994609123877,59.06292787778571],[10.926997709154254,59.062944429344185],[10.926993284585219,59.062975849567195],[10.92699443153851,59.06298973221912],[10.926995056686149,59.06300359845743],[10.926995132802656,59.063058897235],[10.927002856882623,59.06310859224778],[10.927014604206,59.06315086113443],[10.927016361928032,59.0631654823],[10.927018941435245,59.063186423211924],[10.927009128018732,59.0632662268494],[10.926999693809806,59.06329425263247],[10.92699810964146,59.06330319408386],[10.927000777029406,59.0633086727559],[10.927008321128291,59.0633245548861],[10.927007703514715,59.06333712325321],[10.927025357228345,59.063353143554465],[10.927038384693287,59.063390507497864],[10.927038693311724,59.06343942977589],[10.927029948161653,59.06346900575325],[10.927028021334504,59.06348378075952],[10.927031851375194,59.06352067557325],[10.927034827574369,59.063563297949194],[10.927027351626997,59.06359983713577],[10.92702720000574,59.06361583684721],[10.927027176055613,59.063618983042325],[10.927035247263916,59.063640726081815],[10.927048102519215,59.063658933175404],[10.92708341158319,59.06369537953503],[10.927097963780064,59.063713999649856],[10.927108264553587,59.06372430397288],[10.927128558194381,59.063735731824984],[10.92715306746436,59.063754305469544],[10.927172151354343,59.06378035105002],[10.927194411366658,59.06380316975304],[10.927203383138803,59.06380848706167],[10.927233106721268,59.063825786091186],[10.927290444262463,59.0638443132969],[10.92731541187035,59.06385166222366],[10.92733318957238,59.06385339023939],[10.927343494513355,59.063853354701024],[10.927352427883562,59.063848690470664],[10.92736307810399,59.0638398543368],[10.92738008438228,59.06383778174607],[10.927414219065097,59.063838495689765],[10.927439030074355,59.063832442661294],[10.927471135881582,59.06383848754631],[10.927507094919122,59.06385031811614],[10.927521821371421,59.06385716508281],[10.92753652658478,59.06386419120522],[10.927588648814702,59.0639031442761],[10.9276374875399,59.06394181423236],[10.927692845844488,59.06398734274991],[10.927727465447372,59.06401783298608],[10.927768657718488,59.064054733895084],[10.927817232593103,59.06408827044906],[10.92784500887431,59.06410874494668],[10.927864894098631,59.06412951075703],[10.92791693633868,59.06419417621349],[10.927933949616223,59.06421413239359],[10.927966117224535,59.06424616387738],[10.928009783832819,59.06429312282477],[10.92802899073207,59.064312248844736],[10.92805886663282,59.064337105127755],[10.92809811161876,59.06436540296976],[10.928145713931537,59.064396840807895],[10.928196813826142,59.06443117590394],[10.928241477710978,59.06445353002936],[10.928301594746733,59.06447807839534],[10.928392206481313,59.064507541759454],[10.928504514812305,59.064536608306454],[10.92855346648146,59.06455666949312],[10.928574042687078,59.06457161257885],[10.928580553275419,59.064582966463526],[10.928590339512375,59.06459172595919],[10.928659199642025,59.06462500084473],[10.928702148441323,59.06464415392964],[10.928729743308397,59.06464996674025],[10.928819851900831,59.064658644132486],[10.92884851170456,59.06466431057349],[10.92886277003637,59.064670693093355],[10.928868409528526,59.064677613851316],[10.928900211236378,59.06472599768396],[10.92891318976914,59.06473728516003],[10.928931762359554,59.064747040166594],[10.928964517516055,59.06475939896223],[10.929040772541361,59.06478184685632],[10.929098123283923,59.06480028370989],[10.929113518429965,59.064808859843765],[10.929126973898443,59.064823489059734],[10.929169119835645,59.0649009700752],[10.92918280140628,59.06492252966923],[10.929233558838249,59.06497744355676],[10.929253180911246,59.06499307582951],[10.929293423232776,59.065015919951676],[10.929402282530965,59.06506232030357],[10.929522716592869,59.065103869470384],[10.929584771914586,59.065132704021735],[10.92961807639834,59.065150744404825],[10.929659069609382,59.06517756816475],[10.929694329175739,59.065202683168884]]}},{"type":"Feature","properties":{"source":"hvaler_tillegg"},"geometry":{"type":"LineString","coordinates":[[11.085197834190875,59.01070715110355],[11.085151082839104,59.01062473201213],[11.085095413951974,59.01051651002705],[11.08508281924931,59.01049545075337],[11.085031517887815,59.010400936553026],[11.084946831718439,59.01025974030212],[11.084921936395633,59.01020890982745],[11.08489266938267,59.010162801922384],[11.084853057771094,59.010101906247286],[11.084819470587066,59.01006160131584],[11.084786520296548,59.010032553778274],[11.084738659622607,59.00999361496606],[11.084655001090582,59.009935342030886]]}},{"type":"Feature","properties":{"source":"hvaler_tillegg"},"geometry":{"type":"LineString","coordinates":[[10.920255408396622,59.05559594034168],[10.920184094374541,59.05557031563862],[10.920133258082911,59.0555501016101],[10.92009267845457,59.05553317791826],[10.920062320273571,59.05552278034006],[10.920033729710893,59.05551513585577],[10.91999463460827,59.0555092283296],[10.919946223605585,59.05550239781405],[10.919897578569593,59.05549753799585],[10.919864399647784,59.055493255488415],[10.919821330323288,59.05549288719569],[10.919777086285272,59.05549212221367],[10.919664462630315,59.055495406157384],[10.919617067541155,59.055499127386526],[10.919592676240626,59.055501685435566],[10.919564866849685,59.05549775190924],[10.919532816125148,59.055488379817554],[10.919507128743172,59.0554812762815],[10.919475791588608,59.05547471397652],[10.919436050595587,59.05546689774274],[10.919426393899847,59.05546443546055]]}},{"type":"Feature","properties":{"source":"hvaler_tillegg"},"geometry":{"type":"LineString","coordinates":[[11.037001079497827,59.02527516419416],[11.037089347066226,59.02528398102805],[11.03712922277508,59.02529356355824],[11.037306797993676,59.02534152761184],[11.037601479312023,59.02541591370768],[11.037960332873306,59.025493342777764],[11.038272828059243,59.02554480689218],[11.038534914540994,59.0255812410099],[11.038732832532196,59.025622183660836],[11.038949591101415,59.025672153980594],[11.039123268609684,59.0257176585549],[11.039283324132203,59.025769399099545],[11.03949805710429,59.025832432923984],[11.039594237816457,59.02586189912799],[11.039778368259258,59.025933256338156],[11.040000270941725,59.02601431032826],[11.040208052746157,59.026080187048564],[11.040450422470723,59.02614100803643],[11.040589537284527,59.02617169722392],[11.040759552050027,59.02619452074219],[11.041225450852684,59.026238982867696],[11.041472573646294,59.02626155694154],[11.04183495338489,59.02629484847509],[11.042007376043076,59.026302819395156],[11.042187447802426,59.02629735814545],[11.042343205764302,59.02628647789956],[11.042618427351933,59.02624823284688],[11.042671320984761,59.026244725649825],[11.042734374537181,59.026242338282124],[11.042799888959264,59.02624281325398],[11.042867243970814,59.02623183637236],[11.043037119282316,59.026198280878305],[11.043321938936717,59.02613722173268],[11.043614061728338,59.02607027158049],[11.043671687636126,59.02605594000521],[11.043812429194002,59.02602095338693],[11.043859588707752,59.026005132966915],[11.04388375438189,59.02599364438263],[11.044028673987109,59.02591625925517],[11.044156029580144,59.025829346367644],[11.044372604507304,59.025673235001804]]}},{"type":"Feature","properties":{"source":"hvaler_tillegg"},"geometry":{"type":"LineString","coordinates":[[10.998795206261045,59.03628323969556],[10.998779753568607,59.03627062423359],[10.998715349688148,59.03622295929475],[10.99860842245024,59.036132981051836],[10.99848306032372,59.03602004534991],[10.998333065676675,59.0358894449719],[10.998317839273417,59.03587638689755],[10.998216643080978,59.03578964239694],[10.998130865134945,59.03573079687234],[10.997885144061751,59.03558338998752],[10.997735640552792,59.03549056592702],[10.997532186739218,59.03535021953169],[10.997372666764594,59.03525205032988],[10.997267515222697,59.035197819764264],[10.997167887596168,59.03515607752879],[10.997015196248414,59.0351041526283],[10.99688262880803,59.03506516755486],[10.996752161143558,59.03503361985566],[10.996706032318283,59.03502679847243],[10.996668788535796,59.03502456755193],[10.996604764225758,59.03502312661154],[10.996450199261819,59.035021762041445],[10.996236967128649,59.035010400673194],[10.996136780531183,59.03499893978233],[10.99598408681908,59.03497551482741],[10.995874953119307,59.034955505266915],[10.995633448663423,59.03490083095355],[10.995365092608052,59.0348295911849],[10.995140741660226,59.03476843374189],[10.99499122122301,59.03472676424349],[10.994826465498704,59.03468111662261],[10.994743810745456,59.034667409972684],[10.994645450839032,59.03465375668968],[10.994629697039015,59.03465272968956],[10.994571896050358,59.03464878304016],[10.994481923194538,59.03464698751768],[10.994347908225699,59.03463843427095],[10.994198011114023,59.034626961758924],[10.994019220935803,59.034610458924895],[10.99390638293492,59.03460130196025],[10.993855054712437,59.034597195702645],[10.993653624675558,59.03458187966589],[10.993486002993219,59.034572824662376],[10.993259846341754,59.034567621606215],[10.993058452603941,59.034571456493715],[10.992911633326813,59.0345814762428],[10.992770326638913,59.03459508307258],[10.992696131726564,59.03459710147566],[10.992594149350737,59.03459358414293],[10.99247572787768,59.0345934238151],[10.992357986833982,59.034599398301154],[10.992195121196916,59.034610898372044],[10.992105116615056,59.034613865418144],[10.992024230459176,59.03461342848686],[10.991945611221817,59.03461000478115],[10.991853505242515,59.0346025669686],[10.991794172516794,59.03459380642248],[10.991768384339725,59.03458608472557],[10.991724581531079,59.03456530766773],[10.991692368548172,59.034542372068145],[10.99166523027748,59.03452229091649],[10.991654771370541,59.0345177412428]]}},{"type":"Feature","properties":{"source":"hvaler_tillegg"},"geometry":{"type":"LineString","coordinates":[[11.001636618773551,59.03191847984065],[11.001366147087028,59.031889534142294],[11.001301366285592,59.0318811490373],[11.001250332268794,59.03187004182772],[11.00116910589243,59.03185008969182],[11.001148927754071,59.03184362211757],[11.001097917487003,59.031826311847276],[11.00107050915743,59.03181602448615],[11.000952936422898,59.031768156189166],[11.000857234498586,59.03172420034383],[11.000735289166224,59.0316704425303],[11.000672502237324,59.03164341760284],[11.00059527976138,59.031611540988195],[11.00043392814744,59.03154119061177],[11.000370109359753,59.03151404372943],[11.000227348468384,59.03145631545725],[11.000179377064406,59.031438379449376],[11.000135284949403,59.03142308077768],[11.000008021242756,59.03138057632996],[10.999903963191878,59.03134849920731],[10.999851425137107,59.03133383847251],[10.999734482641477,59.03130307123485],[10.999708017363767,59.03129667881523],[10.999596647156283,59.031270489241855],[10.999516855489818,59.03125471619402],[10.999322799073738,59.031218148265744],[10.999081228322414,59.03117022111039],[10.998995416795015,59.031149226706205],[10.99894583727255,59.03113312859747],[10.99893238567118,59.03112731816617],[10.998893084056144,59.03110982951522],[10.998852996708933,59.03108710182045],[10.998841442790793,59.03107847295261],[10.998819030129788,59.03106123670641],[10.998787565806046,59.03102735711014],[10.998739215354213,59.0309737148325],[10.998681824622711,59.03092132148026],[10.998642703618971,59.0308917904841],[10.998610197424862,59.03087136501918],[10.998560433926563,59.0308463600415],[10.998526972240919,59.03083264820827],[10.998404064290405,59.03078721985931],[10.998359156994635,59.030771445796375],[10.99818367496998,59.03071468136396],[10.998124885602556,59.03069380266218],[10.998105629673708,59.03068241809202],[10.998077704907198,59.030657099232045],[10.998060127558757,59.030635786626],[10.998004680841019,59.030560705994574],[10.997967301746408,59.030511718314486],[10.997936589559336,59.03048037920374],[10.997900059167083,59.03045407489944],[10.997888766420264,59.03044770174722],[10.99778880726598,59.03039543007066],[10.997761109086033,59.03038315499514],[10.997632948377678,59.030328932115026],[10.997521746166308,59.030289349359904],[10.99741310586803,59.03026072477385],[10.9973685438395,59.03025098494989],[10.99729130676554,59.030237267477425],[10.99726930210274,59.03023451896357],[10.997231309224865,59.03023127592958],[10.99707633129123,59.030223155704064],[10.997053732308853,59.030221018135585],[10.996989150413876,59.030212457119426],[10.996956287746041,59.03020559649682],[10.996912104816559,59.03019110304011],[10.996892154390572,59.030184192262276],[10.996833053932153,59.03016150512785],[10.996674897002396,59.03009978998031],[10.99663521878693,59.030087054144204],[10.99660690598433,59.0300800644499],[10.996588304161843,59.03007805044985]]}},{"type":"Feature","properties":{"source":"hvaler_tillegg"},"geometry":{"type":"LineString","coordinates":[[10.933700082651939,59.06848473049252],[10.933624005075734,59.06847101265632],[10.933564498861521,59.06844711555658],[10.93353398317691,59.06842907396037],[10.93351912430242,59.06841152400608],[10.933525117948436,59.06838303014886],[10.933558379848549,59.068314482395955],[10.933569323159764,59.06826483471662],[10.93356057444064,59.06823255116825],[10.933523724723274,59.06816773602512],[10.933483818073702,59.068102195487356],[10.933461193373505,59.06802784673348],[10.933461268365654,59.06797560995945],[10.933451625512639,59.06787568416414],[10.933426777619875,59.067806840156344],[10.933386060939148,59.067754041704845],[10.93334559452279,59.06771240024079],[10.933280141698866,59.067662061798124],[10.933240765630595,59.06763627912976],[10.933159465573736,59.06759443419452],[10.933087207595753,59.06754406175329],[10.932986574226321,59.06745611381717],[10.932892057553692,59.06736664956239],[10.932866427282642,59.067330958546506],[10.932874211440836,59.06731241131767],[10.932898034022646,59.06728375813715],[10.932941981091364,59.067237035204485],[10.932951193088366,59.06721232885523],[10.9329445262649,59.06718163914302],[10.932891939669604,59.067050693412845],[10.932855204043303,59.066942184139634],[10.932825228796672,59.06685915258789],[10.932802138689794,59.066810863669645]]}},{"type":"Feature","properties":{"source":"hvaler_tillegg"},"geometry":{"type":"LineString","coordinates":[[10.886831057006487,59.08610341009539],[10.886785814573445,59.086177681771616],[10.88675882920457,59.08621333030707],[10.886732632562019,59.08625260047463],[10.886703261374679,59.08631397879008],[10.886665254907012,59.086383265143795],[10.88659965024543,59.08645104572457],[10.886481537635296,59.08656625236993],[10.886390447040275,59.08664841914838],[10.886330797763243,59.08672043489787],[10.88625102419095,59.086813121353536],[10.886192413877472,59.086875009669356],[10.886157932231649,59.086903226853856],[10.886123662827126,59.08692093073589],[10.886064328602142,59.08694368306107],[10.88598105749099,59.08696936166241],[10.88587626460978,59.08699822302818],[10.885717355755729,59.08703399737817],[10.885554834531044,59.08706929714378],[10.885444583226194,59.08709996292916],[10.885355918087143,59.08713419155686],[10.885308257524043,59.08718051238602],[10.885390376574607,59.08719795673867],[10.885458659910004,59.08721568089637],[10.885558145771858,59.0872514798971],[10.885719506114905,59.08731765710053],[10.885874089641169,59.08737624584522],[10.885965086520052,59.08740853797484],[10.886203503748419,59.08748777169442],[10.886325719195591,59.087533643030085],[10.886445960412864,59.08758286831461],[10.886569068644953,59.08763587102593],[10.886654192883771,59.08768218270084],[10.886777116477292,59.087762963005964],[10.886845487105715,59.08780766359988],[10.886888911580435,59.0878360168263],[10.886984538545969,59.087892372534604],[10.88706536185543,59.08793522051045],[10.887134802488877,59.0879680861598],[10.887189901448481,59.087990875558035],[10.887261791525871,59.088017884527446],[10.887328829152155,59.08803727647539],[10.88739683771989,59.08805148415625],[10.887493414884794,59.0880678575629],[10.88757038001576,59.088084597357614],[10.887623690832053,59.088097529088586],[10.887681935693044,59.08811448376182],[10.887741148137053,59.08813794298379],[10.887845214923159,59.088185124880546],[10.888039426561242,59.08827320203726],[10.888261428967324,59.088372860823654],[10.888518439446667,59.08849386110917],[10.888727730957193,59.08860192725254],[10.888927577116911,59.0887071756711],[10.889138970643069,59.08881521788755],[10.889199922144835,59.08884313739963],[10.889224344863488,59.08885074591233],[10.889250768093593,59.08885769858413]]}},{"type":"Feature","properties":{"source":"hvaler_tillegg"},"geometry":{"type":"LineString","coordinates":[[10.910322707493311,59.097798297872934],[10.910329863072642,59.097713375682886],[10.910303953274154,59.09758038507515],[10.910290163795906,59.097446877892764],[10.910290751383512,59.097368671724425],[10.910316671817636,59.097311046132575],[10.910123866415413,59.09733193427684],[10.909888460387618,59.09735687215882],[10.909697581489235,59.097373324818584],[10.909554593345575,59.09738679344938],[10.909191800396703,59.09742479197212],[10.908891502559548,59.09748094724057],[10.908755517534495,59.09749283785757],[10.908481392746626,59.09755665207388]]}},{"type":"Feature","properties":{"source":"hvaler_tillegg"},"geometry":{"type":"LineString","coordinates":[[10.905624433466802,59.098345219091414],[10.905691455016834,59.0983474268655],[10.905836520531482,59.0983517410307],[10.90595822631046,59.098357025288784],[10.906013484921552,59.09835382605044],[10.906063698984081,59.098347500246945],[10.906104185883107,59.09833628148512],[10.906148228383605,59.09831870126869],[10.906194444271229,59.09829462600912],[10.906252421823844,59.09825986296426],[10.906346888033358,59.098175631342926],[10.906433476334003,59.09807101010711],[10.906504690443583,59.097992697373456],[10.906604541871355,59.09791897579776],[10.906718251210357,59.09784335419523],[10.906791671077139,59.0978051225829],[10.90688678390112,59.09776523847108],[10.90703308377397,59.09770647096341],[10.907088098173794,59.09767601974381],[10.907133741206161,59.09763915834701],[10.907212764587438,59.09755542739801],[10.90725021687425,59.09753008592012],[10.907283767181724,59.09751693934499],[10.907382600805368,59.09749272748319],[10.907554310945242,59.09745679088916],[10.907668442979826,59.097447897768966]]}},{"type":"Feature","properties":{"source":"hvaler_tillegg"},"geometry":{"type":"LineString","coordinates":[[10.996588304161843,59.03007805044985],[10.996546057713486,59.03005291754697],[10.996520011250345,59.03003844555233],[10.996517877206147,59.03003730062109],[10.996464800712026,59.03000931518961],[10.996337384285463,59.02993524399811],[10.996218334107365,59.02986871417036],[10.99617610538963,59.0298494257974],[10.996168118422247,59.0298461217715],[10.996100357657376,59.02982442507468],[10.995928275796043,59.02978646377006],[10.995910967197402,59.02978233185475],[10.995775154094252,59.02974594205839],[10.995752228999825,59.02973911887236],[10.99570147830015,59.02972262357101],[10.995688392685736,59.02971817274609],[10.995655784846369,59.029703137902196],[10.995620876352037,59.029683896025254],[10.995562796732807,59.02964496625002],[10.995523544462866,59.02961210351301]]}},{"type":"Feature","properties":{"source":"hvaler_tillegg"},"geometry":{"type":"LineString","coordinates":[[10.91880137156354,59.054213821013626],[10.918821847417856,59.054206014642084],[10.918866592474759,59.054186385457484],[10.918888274615611,59.05417430126366],[10.91890112786302,59.054168951989084],[10.918914964232368,59.05416561179721],[10.918951579787013,59.054158583919886],[10.919029601334797,59.05413946416919],[10.919042834246657,59.05413385710924],[10.919058600717168,59.054124553552505],[10.91907961518414,59.054106334177895],[10.919092897048651,59.0540900289738],[10.919098964052603,59.054069809898095],[10.919106443143358,59.05404504975554],[10.919120010480517,59.05399989137942],[10.919145327983074,59.05396013853063],[10.919154581760239,59.05394100895139],[10.919169623680974,59.05392457939419],[10.919176706268413,59.05391491218418],[10.919179924104823,59.053902515666515],[10.919178855242313,59.05389241168554],[10.919178943402041,59.053884322267876],[10.91917895373792,59.05387982692891],[10.91918092274117,59.05387206653775],[10.919187739010027,59.05386023301363],[10.919203028937417,59.05383877612646],[10.919221403227722,59.05382514900332],[10.91925566810989,59.05380411039247]]}},{"type":"Feature","properties":{"source":"hvaler_tillegg"},"geometry":{"type":"LineString","coordinates":[[11.016798297978893,59.02628455490483],[11.016686213865915,59.02634287189854],[11.016577926283757,59.02641056623393],[11.016497039681514,59.02646301036695],[11.016457211967943,59.02651177342243],[11.016435046396431,59.02656764348274],[11.016432015786663,59.0266600659436],[11.016429758439608,59.02672473050931],[11.016426219807276,59.02679142352602],[11.0164304282672,59.0268589843821],[11.016420944636451,59.02695291645644],[11.016429510054161,59.02704308853408],[11.016421943718472,59.0270918557],[11.016402462052163,59.02715014599814],[11.016377427410276,59.027203680026076],[11.016380204290463,59.02725950872059],[11.01638474006202,59.02729111628933],[11.016398431288964,59.02733100754029],[11.016416827453595,59.0273694252701],[11.016444832975886,59.02741973698355],[11.016450684036347,59.027435471248964],[11.016462547041625,59.02746253921941]]}},{"type":"Feature","properties":{"source":"hvaler_tillegg"},"geometry":{"type":"LineString","coordinates":[[10.998922122635745,59.037106865739716],[10.999012678630695,59.03717116298336],[10.999086849881147,59.0372188599257],[10.999179182327207,59.03727089438957],[10.999297738041804,59.037329943081374],[10.999418560378665,59.03738150934152],[10.99953702254206,59.03743237316859],[10.999699862952097,59.03750214076938],[10.999821791374911,59.037544210439634],[10.999934818926612,59.037565325796706],[11.000059617482545,59.037581230454144],[11.000240539720245,59.037594553724375],[11.000475424660516,59.03762087278854],[11.000687625437111,59.03763974731644],[11.000890761724023,59.03764206786924],[11.001090100484799,59.03763204313378],[11.001224397623089,59.03764877957325],[11.001262385360924,59.03765363946745],[11.001310548143683,59.03765350906291],[11.00140441172292,59.03764741795801],[11.001600421491297,59.03762101604776],[11.001739927511853,59.037616964042556],[11.001896069016997,59.037618370752845],[11.002034487119337,59.03761617291583],[11.002163147607899,59.037619877267645],[11.002295517033472,59.03762018959398],[11.002413015110903,59.037626875562104],[11.002434864135445,59.0376235044746],[11.002440738980438,59.03762098865043],[11.002484835499544,59.037484789736645]]}},{"type":"Feature","properties":{"source":"hvaler_tillegg"},"geometry":{"type":"LineString","coordinates":[[11.016655670757597,59.032423604120986],[11.016757314992619,59.03245559309479],[11.01681205409399,59.032479934717244],[11.016832645452658,59.03249189690791],[11.016826331355777,59.03251328058279],[11.016767954684104,59.032547447256505],[11.016656586210352,59.03261747470997],[11.016752192014629,59.0326534136083],[11.01681936478078,59.03267130486182],[11.0168949657613,59.03268118390081],[11.017010507474819,59.03268204254129],[11.01725332123718,59.032681872787876],[11.017448513418685,59.03268626103424],[11.017510218227,59.03269112677222],[11.017565098202864,59.032705222845486],[11.01769741398549,59.03275703558096],[11.017791254710911,59.0327916606539]]}},{"type":"Feature","properties":{"source":"hvaler_tillegg"},"geometry":{"type":"LineString","coordinates":[[11.023975661924933,59.01780047121469],[11.023856963636868,59.017818311603726],[11.023776246284969,59.01784693926732],[11.023701984050543,59.017857424009875],[11.023634071647953,59.01787934236999],[11.0235312536156,59.017904593432256],[11.02346715645068,59.017958366526315],[11.023445738471004,59.01797020549646],[11.023231939770827,59.018065680160525],[11.0230057822253,59.01812175448774],[11.0229258079322,59.018137907256126],[11.022886962618106,59.01815118843818],[11.022840975849286,59.01817647759865],[11.022814521419713,59.01821378547836],[11.022772880078318,59.018237679751394],[11.022677904636497,59.018265958393414],[11.022503954575479,59.0182776037406],[11.022372450696487,59.01830062346127],[11.022266650357773,59.01833657085783],[11.022228401593486,59.01835373624215],[11.022193743298361,59.01838207070445],[11.022198402064083,59.018456388172645],[11.02220307316956,59.018542663805924],[11.022167781098037,59.018597591599686],[11.022128872019541,59.01863856232665],[11.022085681693312,59.018678861971594],[11.022033000937203,59.018703225803065],[11.021834149853957,59.018796011084746],[11.021766735064157,59.01887089974621],[11.021682240846669,59.018953265066216],[11.021644484154981,59.01900838668478],[11.021649368811884,59.01902193319593],[11.021724801834562,59.0190692066289],[11.021771989465698,59.01910140608264],[11.021805865984653,59.0191431760635],[11.02181617121118,59.019180714896514],[11.02169049022472,59.01932825605805],[11.021625627039072,59.01943082493846],[11.021608335596795,59.01949592625579],[11.021625610501916,59.019566675710564],[11.02164743702828,59.01958901468615],[11.021706307960061,59.01962723759094],[11.021738328581495,59.01970617250602],[11.021735463652195,59.01981388433545],[11.021654037086249,59.019913426551994],[11.021518374524344,59.019970842416384],[11.021383360043993,59.01999249461021],[11.021286629933286,59.01997558446979],[11.021083664773906,59.01988977445333],[11.020987273858584,59.019865412128254],[11.020855468366015,59.01985479548875],[11.020620835240956,59.01987697961136],[11.02058035262801,59.019883286864975],[11.020507139608888,59.01988615994362],[11.020437157483196,59.01988823326847],[11.02037329519466,59.0198916635888],[11.020295390077314,59.01990796838198],[11.020260370649684,59.01991075733102],[11.020243292529795,59.01991068159051],[11.020212782350049,59.01991217068837],[11.020192354453734,59.01991693686357],[11.020162378897163,59.019922847898734],[11.020152735535948,59.01992632743239],[11.020096155507934,59.01993915225126],[11.02007485644996,59.01994542005327],[11.020049667487546,59.01994914067855],[11.02003913713289,59.019951244296855],[11.02000625490665,59.0199596732299],[11.019967989813537,59.01997243199308],[11.01993606951491,59.01998008132315],[11.019912830640028,59.01998503071486],[11.019896455353889,59.01998641508097],[11.01988372065202,59.01998647289848],[11.019873093984872,59.01998488730156],[11.019826595476655,59.01999496523674],[11.019794939689818,59.02000334193589],[11.019736160540655,59.02001708794605],[11.019685857979551,59.02002839743805],[11.019654207574831,59.02003974124311],[11.019607821000502,59.020056385851035],[11.019575483492867,59.02006914703355],[11.019542993460295,59.02008774755562],[11.019516511690206,59.02010716226163],[11.019469825360888,59.020138452654486],[11.019432722238518,59.02015924885207],[11.019421520513974,59.02016564736664],[11.01940677982741,59.02018002875507],[11.019382217889337,59.020212988743545],[11.019357819276983,59.02024604366115],[11.019340287029777,59.02034332452852],[11.01933708114203,59.02036651215229],[11.019332010519689,59.020386225892935],[11.019313355056006,59.02041334372479],[11.019211851552326,59.020510019197445],[11.01920047637457,59.020522436216254],[11.019174380973373,59.020549055413674],[11.019154442816898,59.02059177781012],[11.019125700174657,59.020624699045364],[11.019061280428902,59.020724852945285],[11.01902188044386,59.02076850499641],[11.019003081059493,59.02078330092388],[11.018983747171028,59.02079367489621],[11.018936454059036,59.02080759414754],[11.01888491853042,59.02082201221143],[11.018869896653639,59.02082676470537],[11.018837934611451,59.02084681984901],[11.018789344085672,59.020891537687305],[11.01873312948969,59.02093584110991],[11.018708688958432,59.02098130198563],[11.018664087415015,59.020999080111125],[11.018634634395776,59.0210034784516]]}},{"type":"Feature","properties":{"source":"hvaler_tillegg"},"geometry":{"type":"LineString","coordinates":[[11.025551729494255,59.04645183347498],[11.025683931642334,59.04648556174744],[11.025723228353185,59.04649279197994],[11.025764301606207,59.04649522171895],[11.025845854811388,59.04649314004479],[11.025903986931915,59.04648988979066],[11.02602591499254,59.046478168603976],[11.026129339921184,59.04646650867346],[11.026179654347564,59.04645843302284],[11.026213001706257,59.046449207176735],[11.026263306453073,59.04643366885337],[11.026310084121752,59.04641694335327],[11.026384210739874,59.04638703170174],[11.026430814414518,59.04637030081961],[11.026467589492679,59.046360101229865],[11.026483755904476,59.04635610205649],[11.026504082691105,59.04635384891895],[11.026524080240655,59.04635293428888],[11.02654895217192,59.046355136223596],[11.026594384054679,59.046363633393916],[11.026667196196337,59.046379803911336],[11.026733140740713,59.04639198748066],[11.026792478769499,59.04639641600122],[11.026835814535064,59.04639738640957],[11.026879175394123,59.04639512089539],[11.026929555487035,59.04639100291374],[11.027031108699493,59.04637892519821],[11.027157631383707,59.04636518618282],[11.027259917016588,59.04635582799907],[11.027334711681505,59.046351829741276],[11.027461281147868,59.046348251438616],[11.027489920536961,59.046348051385806],[11.027551131942081,59.04635136824485],[11.027627811573815,59.046359745013504],[11.027692338699085,59.046369097455745],[11.027746054674925,59.04637838785631],[11.027775616985032,59.04638379033514],[11.027813196024603,59.04639078740588]]}},{"type":"Feature","properties":{"source":"hvaler_tillegg"},"geometry":{"type":"LineString","coordinates":[[10.843863010541424,59.09597196905798],[10.843756920992496,59.09601963857166],[10.843700271173038,59.09606889408585],[10.843598243651234,59.096093135526075],[10.843530587894826,59.09612216621469],[10.84343280046237,59.096135933348414],[10.843364515664316,59.096173036308876],[10.843286352072598,59.09621233996291],[10.843198173113521,59.09623190014616],[10.843162941966655,59.09622843191622],[10.843073987148589,59.096195275715864],[10.843008577645037,59.09620432670794],[10.842882645764002,59.09627150030526],[10.84278922439533,59.09629970387891],[10.842743340905631,59.096378347700686],[10.842635553479402,59.09647748436865],[10.842568319242895,59.09650158267122],[10.842476903542869,59.096504583690404],[10.84226310115122,59.09648783168214],[10.84209883411753,59.096458911747426],[10.84188360796037,59.09644669918366],[10.841669044516383,59.09638145640927],[10.841525897816322,59.09635564137641],[10.841455715168518,59.09633342705274],[10.841304951512836,59.09620180451548],[10.841285333913692,59.09614884300488],[10.841288837270412,59.09604788855565],[10.841259268451571,59.09601358013167],[10.841112579334542,59.09589737403678],[10.841064282863732,59.09584744821151],[10.84101514564387,59.09583472109315],[10.840886738006857,59.09583149807689],[10.84069082316422,59.095792658471474],[10.840361464155208,59.09563650818433],[10.840131608973259,59.09549856817343],[10.840088803653806,59.095479749788744],[10.840047676087345,59.095473034172024],[10.839978568341293,59.095483763217274],[10.839882677882818,59.095516471196866],[10.839737007213346,59.095589302189886],[10.839711271549316,59.09562714018961],[10.839674947486374,59.095652859005575],[10.839569233313066,59.09569595146073],[10.839424272735661,59.09572834215806],[10.839293810697658,59.09573341388211],[10.839185273424404,59.09574791159242],[10.83890974387912,59.09580353307526],[10.838751792512697,59.09584359835862],[10.838556161898978,59.09587588920687],[10.838472932030827,59.09589785311135],[10.838319171021588,59.0959566653752],[10.838118688221597,59.096000129304294],[10.83792676422675,59.09610698987585],[10.83768106690212,59.096194678627626],[10.837632729712626,59.09622720435125],[10.837569730983164,59.096307095053106],[10.837535384446921,59.09632945998943],[10.8372697048455,59.096381618063084]]}},{"type":"Feature","properties":{"source":"hvaler_tillegg"},"geometry":{"type":"LineString","coordinates":[[10.8372697048455,59.096381618063084],[10.837216986703488,59.096348003514805],[10.837162746905657,59.09632980584226],[10.83682976530787,59.09630004375382],[10.836673226636744,59.09624205208208],[10.836603058804698,59.09622550033117],[10.836534273841687,59.09622203100886],[10.83636191052972,59.09623537443091],[10.83615966675717,59.09619974137523],[10.835992699581844,59.096206064337],[10.835939799663482,59.09619986822094],[10.835880935321805,59.09615787306072],[10.835820044432488,59.09606348076492],[10.835752486499919,59.09600816807437],[10.835659183349692,59.09589430078756],[10.835613148342963,59.09586899292838],[10.835507283696076,59.09584131228265],[10.835406278922752,59.09573187292999],[10.835247600116586,59.09562966113741],[10.835163841397963,59.09551637000885],[10.83506211056642,59.095431634318885],[10.834950847244391,59.09528005310932],[10.83493885274126,59.095129864898226],[10.834910562969482,59.095062056756696],[10.834778237760187,59.09489541141498],[10.834607671786687,59.09473859624995],[10.834417492444805,59.09464687991922],[10.83431236080935,59.09457435290065],[10.83405228099507,59.09442508904544],[10.83384813525026,59.09420380103488],[10.833785936807248,59.09418067018497],[10.833427826359786,59.094096140160595],[10.833412899940608,59.09406940415725],[10.833426238856458,59.094008509346864],[10.833403141934813,59.093985736691295],[10.833344120838207,59.09397529627078],[10.833236261295244,59.093995745291565],[10.833188913723834,59.09399709979619],[10.832999393711985,59.09396474806126],[10.832866620573533,59.09396299502789],[10.83279291189892,59.093969885603194],[10.832742245720237,59.09398417125499],[10.832704351485159,59.09401559241174],[10.832588900746753,59.09425672440461],[10.832574648444558,59.09456387424496],[10.832535445249968,59.09466502936441],[10.832565807667883,59.09474306549901],[10.832547132112584,59.09490395685575],[10.83269549173961,59.095144223525764],[10.832844552607037,59.095283804779655],[10.832882739353913,59.095344918214785],[10.832979209609272,59.09542400155664],[10.833153763105612,59.09563858438781],[10.833167100948616,59.09569134542434],[10.833162856337873,59.095760805142355],[10.833116570398388,59.09586272171493],[10.83311924494671,59.09595290519098],[10.833068563714795,59.09602482773735],[10.833045190776389,59.0961251433917],[10.832919051807151,59.09631180155831],[10.832899888038392,59.09644075646994],[10.832861827847557,59.09647495982889],[10.832748975866595,59.09652779821229],[10.83271889047505,59.09656828252849],[10.832697145328583,59.096748677200466],[10.832740752634283,59.09678388888476]]}},{"type":"Feature","properties":{"source":"hvaler_tillegg"},"geometry":{"type":"LineString","coordinates":[[11.05614011917125,59.03368055127398],[11.056147229440631,59.033655054726715],[11.056146512088535,59.03362176752938],[11.056145459110864,59.03358532338367],[11.056141095982106,59.0335442830563],[11.056145882484358,59.03350558937762],[11.05615658036731,59.033464019012555],[11.056175229094407,59.03342916417545],[11.056206516505634,59.03339208716882],[11.056255763131833,59.03334593741244],[11.056341020540941,59.03326258480938],[11.0563671985444,59.03321986779999],[11.056378141790843,59.03317767555466],[11.056380063064319,59.033142670633985],[11.056371767112287,59.03311310839861],[11.056360298902318,59.03308839435053],[11.056346591704488,59.03306343226595]]}},{"type":"Feature","properties":{"source":"hvaler_tillegg"},"geometry":{"type":"LineString","coordinates":[[11.080068991092832,59.01380309786562],[11.080078272722048,59.0138226187972],[11.080108277563498,59.01383926127524],[11.08018256130263,59.013862010221615],[11.080339678481925,59.01388448153873],[11.080494320947096,59.01389501020181],[11.080761877401532,59.01388450488356]]}},{"type":"Feature","properties":{"source":"hvaler_tillegg"},"geometry":{"type":"LineString","coordinates":[[11.018233475535554,59.02217064205306],[11.018238035536324,59.02219451817705],[11.018239646183053,59.02225894211691],[11.0182372462199,59.02235048487186]]}},{"type":"Feature","properties":{"source":"hvaler_tillegg"},"geometry":{"type":"LineString","coordinates":[[10.922995155002576,59.056775049464854],[10.922941138731485,59.05677424761115],[10.922902097859383,59.05676492601422],[10.92283288599687,59.05673037775322],[10.92273031462995,59.056681291932065],[10.922608962108923,59.05663161454825]]}},{"type":"Feature","properties":{"source":"hvaler_tillegg"},"geometry":{"type":"LineString","coordinates":[[11.020751638314927,59.03123218163803],[11.020560689447088,59.03125148463838],[11.020286386389705,59.031270651701625],[11.020050255260404,59.03128550768132],[11.019979432766787,59.03128710582943],[11.019915709701166,59.03128613511835],[11.01985520778887,59.031278430416435],[11.019701082913059,59.03124177293489],[11.019540089542357,59.03120418474586],[11.019448579435268,59.03119013164502],[11.019338720466571,59.03110556550116]]}},{"type":"Feature","properties":{"source":"hvaler_tillegg"},"geometry":{"type":"LineString","coordinates":[[11.029628286218513,59.02753016763962],[11.029693338481794,59.027502943451246],[11.02983361239518,59.0274344217348],[11.029975325392435,59.027359470669964],[11.030139373086882,59.027254186461974],[11.030203855403698,59.02722433722707],[11.030289036046542,59.02720402375861],[11.030320086036433,59.027200930385334],[11.030392587929828,59.027198299370426]]}},{"type":"Feature","properties":{"source":"hvaler_tillegg"},"geometry":{"type":"LineString","coordinates":[[11.016028127838432,59.021900646104775],[11.01601783526947,59.02190068883835],[11.015951362549977,59.02191006054995],[11.015919317433012,59.021929303289525],[11.015899081827715,59.02195196652717],[11.015844490845122,59.02197617929058],[11.015799181026026,59.02200004844897]]}},{"type":"Feature","properties":{"source":"hvaler_tillegg"},"geometry":{"type":"LineString","coordinates":[[11.019444845867643,59.024314733255196],[11.019417519097617,59.02424798988124],[11.01939048743765,59.024207328976765],[11.019372072569077,59.02418563405629],[11.019359439538677,59.024178772043086],[11.01931192693078,59.02416139668358],[11.019266492455206,59.02415469441201]]}},{"type":"Feature","properties":{"source":"hvaler_tillegg"},"geometry":{"type":"LineString","coordinates":[[10.849698856129882,59.08674269706607],[10.84966491302668,59.086637665717305],[10.849643200203191,59.086587515794605],[10.849588029568169,59.08651498356783],[10.84953117363945,59.08644338639765],[10.849460509396437,59.08638339560102],[10.849395700299535,59.086329886551326],[10.84939463374088,59.08632859354072],[10.849379571233696,59.08631012753588],[10.849354506318535,59.08625447513174],[10.84932692531508,59.086167630881654],[10.849302175673701,59.08608771102678],[10.84929391990052,59.08604041999051],[10.849261360973125,59.08598461734123],[10.849220010674324,59.08589895033626],[10.849215046395285,59.08588943991054],[10.84917748832089,59.08581864076431],[10.849158907023854,59.08578738369602],[10.849137843969663,59.08575209075622],[10.849089837965199,59.08569111737356],[10.849025777101538,59.08562855047492],[10.849015787632448,59.08561869916858],[10.848961135626714,59.08555634383194],[10.84892326936125,59.08549965165835],[10.84888143993744,59.08543384077918],[10.848828187021612,59.08536136960847],[10.84877465901514,59.08530561412756],[10.848700155004318,59.08523695767713],[10.848627857583287,59.08516450547241],[10.848560420560244,59.08508798290367],[10.848511926257277,59.08502528519306],[10.84849448768155,59.084993255379025],[10.848490302110049,59.08497297985262],[10.848498624348563,59.08495184637152],[10.848508149506785,59.084920770672625],[10.848496795664916,59.084874549177854],[10.848444514060764,59.08478106839638],[10.848388088571845,59.08468718501916],[10.848329003169969,59.0846037366289],[10.848272813356983,59.084525236527284],[10.848212264777525,59.084452441281286],[10.848132849143957,59.084362316704606],[10.848070855355665,59.08429136330991],[10.848014543318806,59.08422976352944],[10.847943490467209,59.084160048264586],[10.847872832955854,59.08409861798214],[10.847827356970049,59.08406874646301],[10.847798093687986,59.08405504018999],[10.847756017643416,59.0840403836735],[10.847704416051158,59.084030816795405],[10.847625134959252,59.084023329813846],[10.847579040159156,59.084021672274744]]}},{"type":"Feature","properties":{"source":"hvaler_tillegg"},"geometry":{"type":"LineString","coordinates":[[11.080068991092832,59.01380309786562],[11.08015378796114,59.013683036195374],[11.08024860620237,59.01361119758309],[11.080324024044822,59.01357194619956],[11.080386917583997,59.01355694938735],[11.08052131389215,59.0135585035022],[11.080647554088644,59.01355055016667],[11.08079245432245,59.01354711778651],[11.08091958205705,59.013531369319175],[11.081083329991465,59.01349713061097],[11.081253459471796,59.01343746200756],[11.081348010977596,59.01337559404205],[11.08141784622585,59.01332871083971],[11.081473890687294,59.01330496508476]]}},{"type":"Feature","properties":{"source":"hvaler_tillegg"},"geometry":{"type":"LineString","coordinates":[[11.022882212382697,59.02566592200914],[11.023135814703547,59.02583294313703],[11.023278404366968,59.02592696343658],[11.023353865983673,59.02595301812744],[11.023459511751193,59.02596687373563],[11.02364235822503,59.02597213270658],[11.023873990518107,59.02600793071496],[11.024258124101394,59.02600525784132],[11.024678111405043,59.026027331051644],[11.024740442050707,59.0260372476296],[11.024862701736811,59.026056737195994]]}},{"type":"Feature","properties":{"source":"hvaler_tillegg"},"geometry":{"type":"LineString","coordinates":[[11.025357602826086,59.01759145802353],[11.025317594088504,59.017540869473706],[11.025280013230104,59.01749341236612],[11.025287136509293,59.017464950534624],[11.025307958389794,59.0174476984843],[11.025340284722828,59.01743952092102],[11.025391974610429,59.01744029962888],[11.02548641469273,59.017454349307],[11.02554491791224,59.01747161059703],[11.025677473638106,59.01755264361684],[11.025767783907801,59.0175677350298],[11.025781737619104,59.01757220949332],[11.025895081843194,59.017609766058506],[11.02599452862702,59.01763934339848],[11.026061694274667,59.01765255492079],[11.02613611347368,59.01766032498515]]}},{"type":"Feature","properties":{"source":"hvaler_tillegg"},"geometry":{"type":"LineString","coordinates":[[10.9308783956792,59.06846820805807],[10.93082150948052,59.06846642056593],[10.930777844543758,59.068465048498524],[10.930691584506858,59.06845622388141],[10.930612815574543,59.06844754469471],[10.930508655987305,59.06842179338301],[10.93047072038282,59.06840891261656],[10.930411998080194,59.068376946520765],[10.930355582309005,59.06834172611516],[10.930120263349043,59.06827642700601],[10.930083453482395,59.06827320214957],[10.930028494331388,59.068268417836045],[10.929988260690308,59.068280820056415],[10.929962501007333,59.068302218870286],[10.929927234180576,59.068383200684586],[10.929935173272236,59.06843407101382],[10.929938143490615,59.06846941011487],[10.929940885794476,59.06851256445082],[10.929948361927648,59.06854966359579],[10.92995654208223,59.06858966207063]]}},{"type":"Feature","properties":{"source":"hvaler_tillegg"},"geometry":{"type":"LineString","coordinates":[[10.928025261775176,59.05174879602993],[10.927986406020182,59.05180421894734],[10.92797065795432,59.051826651378065],[10.927831547776075,59.05193277857457],[10.927761140892809,59.0519863997625]]}},{"type":"Feature","properties":{"source":"hvaler_tillegg"},"geometry":{"type":"LineString","coordinates":[[10.842781318340345,59.093606792636415],[10.842868083464875,59.09357289067927],[10.842901468846419,59.09355984498872],[10.842946869838503,59.09352407615542],[10.843093793858982,59.09347681853159],[10.843139888463503,59.09343243985185],[10.843170316171156,59.093386119787354],[10.843148736326329,59.09336375734126],[10.843061454330842,59.093334161414155],[10.843095159174439,59.093296848314395],[10.843094890426825,59.0932687855568],[10.842999596826255,59.09318129564802],[10.842898865387923,59.09305793407203],[10.84282152858794,59.09290735890632],[10.842819778377285,59.09287133589699],[10.842849287102904,59.09284701611022],[10.84293336397565,59.09281653465103],[10.843087521099994,59.09269514775335],[10.843259485857827,59.09253350971823],[10.843252929709594,59.09246936830099],[10.843175180756322,59.09236400842078],[10.843188474439437,59.09224421581714],[10.843142613731944,59.09214392537302],[10.843154175745338,59.092096100803566],[10.843221553710487,59.091995757287854],[10.843238251386229,59.091990628289416],[10.84334506875588,59.09202049131496],[10.843394774683738,59.09202127692175],[10.843490528089713,59.091973725885914],[10.843556492072405,59.091954262225215],[10.843703563408896,59.091953316078715],[10.843764884736538,59.091943324489336],[10.84381061372024,59.091923571172316],[10.843839422952822,59.0918934740556],[10.843855842506485,59.09175795631276],[10.843820164147568,59.09158803732612],[10.843843370970307,59.09155946889746],[10.843921868224305,59.09151010511864],[10.84395197060241,59.091440485964235],[10.8439321796636,59.091286542439796],[10.843950968826622,59.091183380940514],[10.84392301056192,59.0910737742492],[10.843866232525338,59.09095542014877],[10.843885406198329,59.09086494929918],[10.843878345158524,59.09078910250573],[10.843965304320262,59.090668436230885],[10.843998500168745,59.090542987908506],[10.84400475435058,59.090360117407286],[10.8440787718804,59.0902207827249],[10.844110416014791,59.090111020091676],[10.84422884330867,59.08999019430244],[10.844366043088888,59.08989613649615],[10.84440610021616,59.089838076249954],[10.844397427827017,59.089795716867066],[10.844312354137902,59.08967150979317],[10.844320359804378,59.08956503507077],[10.844282817335051,59.08945377222258],[10.844272774199984,59.08934051420825],[10.844284286683605,59.089212302139806],[10.844340103438908,59.08907894742232],[10.844369840483106,59.08896471763962],[10.844372502617631,59.088817249150374],[10.844332313362655,59.08869322308212],[10.844354232890028,59.088626218723334],[10.84437432990978,59.08847184643104],[10.844350039292658,59.08836658355352],[10.844335342869845,59.08808835827456],[10.844313306585507,59.08802506905285],[10.84426209478936,59.08795598831395],[10.84420902493702,59.08782291690142],[10.844180871258219,59.08777984256522],[10.844136204420044,59.08773318125712],[10.844110002806055,59.08770572518383]]}},{"type":"Feature","properties":{"source":"hvaler_tillegg"},"geometry":{"type":"LineString","coordinates":[[10.898681543149324,59.087428734449055],[10.89864145227398,59.08750542072867],[10.898640986383185,59.08750639503404],[10.898638885809111,59.087545890756616],[10.898697518542814,59.087638560375915],[10.898752778907477,59.087696596161734],[10.8988497971168,59.08777069984589],[10.898941017069161,59.08781584736401],[10.899025946038808,59.08789316474462],[10.899090907452123,59.08792120641252],[10.899155177353503,59.08793457015275],[10.899285969831357,59.08792198646018],[10.899418567697932,59.08792060913518],[10.899622904550464,59.08794173309478],[10.899712220908267,59.087929724335396],[10.899832675236148,59.08789253606815],[10.899924852706675,59.087863893703755]]}},{"type":"Feature","properties":{"source":"hvaler_tillegg"},"geometry":{"type":"LineString","coordinates":[[11.086141277027751,59.020074660253734],[11.086121559094144,59.01987708221753],[11.08606041484269,59.019639052595906],[11.086038356138472,59.01956628163819],[11.086029007077881,59.01954271347903],[11.085998551817811,59.01951616937081],[11.085823242427589,59.019360635359924],[11.085621398174947,59.019157907426404],[11.085477144322857,59.01901140378442],[11.085431372426033,59.01896012182357],[11.085419276417886,59.018942314326175],[11.08541938437414,59.01892757318168],[11.085419166149817,59.01891569912738],[11.08548651368762,59.018768134750424],[11.08556821449593,59.018469874362964],[11.085603901199061,59.01833088206135],[11.08572925871965,59.017996721653475],[11.085745230276578,59.017891566512425],[11.085742133396035,59.01766284458067],[11.08575703757002,59.01754408150417],[11.085750498743947,59.0174850858694],[11.085715628026142,59.017385495172704],[11.085621753033376,59.017202305962606],[11.085524041886364,59.017003806669656],[11.085470596758517,59.01688360513831],[11.085371646600517,59.01667149255651],[11.085337192363106,59.016591243881436],[11.085325818532723,59.016559433029634],[11.085303791393908,59.01641132245261],[11.085301898454363,59.016268585997985],[11.085217791460094,59.01619879236661],[11.085116428694057,59.016144299845735],[11.08503925352646,59.01608253755304],[11.084987528467542,59.01599781036174],[11.084881662019706,59.01591549062758],[11.084751416996866,59.01584825638671],[11.084732063611971,59.01574868534975],[11.084683469258842,59.01563645190925],[11.084621391351162,59.01550789723142],[11.084558406627387,59.01538731661784],[11.084542212696945,59.01532739934906],[11.084521495623866,59.01517240550164],[11.084491797813719,59.01509634618862],[11.084341133883589,59.01493741973849],[11.08416800640856,59.01484110637294],[11.08391168395141,59.01473445298375],[11.083617153908065,59.014626552637715],[11.083402374889491,59.014560803799085],[11.083291591470937,59.014521757906714],[11.083166132830728,59.01447840173501],[11.082934726377363,59.01435658736858],[11.082807284567384,59.014261745065106],[11.08257768079536,59.01419150021689],[11.082424337058315,59.01405622508857],[11.08236810211814,59.01400660290891],[11.082329501764823,59.01398889156458],[11.082142725309975,59.01385943651622],[11.081908250671665,59.01373707772075]]}},{"type":"Feature","properties":{"source":"hvaler_tillegg"},"geometry":{"type":"LineString","coordinates":[[11.026870915061746,59.01765780672387],[11.0269515889549,59.01770955354452],[11.026962310198975,59.01771635613146],[11.027066619936717,59.01776271491437],[11.027320760500594,59.01781754013839],[11.027410840030898,59.017852762662116],[11.027506490961228,59.0179091946247],[11.027714756431394,59.01795667663137],[11.027840151281831,59.01800314263616],[11.027973520925133,59.01809984210916],[11.027953375437914,59.01818373707166],[11.027979062287715,59.01822552361796],[11.028016321121326,59.01825013336344],[11.028157400915921,59.01828458333721],[11.028270630307428,59.018282394920625],[11.028395919541229,59.01829505175169],[11.028440392722597,59.01830549755794],[11.028513529651201,59.01834100838057],[11.02861068524213,59.01839047283457],[11.028651311773631,59.01841158943754],[11.028698219421452,59.018413029180685],[11.028731218169428,59.01841413191359]]}},{"type":"Feature","properties":{"source":"hvaler_tillegg"},"geometry":{"type":"LineString","coordinates":[[11.025428761869387,59.01779800487181],[11.025357866440903,59.01784123058644],[11.025311478264873,59.017870014664325],[11.025272310775632,59.01793741126898],[11.025218352411294,59.01799248562831],[11.02520637234062,59.01809317421236],[11.02519102144492,59.018121922735205],[11.025037414079796,59.01823669154483],[11.024979407343606,59.01824983421394],[11.024901003243766,59.01822674662012],[11.024853974958205,59.018196171580556],[11.024788853954384,59.01812602056362],[11.024616130624102,59.018033502984586],[11.02454755261179,59.01797969878737],[11.024495602941016,59.01794645496672],[11.024423880739235,59.01791835770208]]}},{"type":"Feature","properties":{"source":"hvaler_tillegg"},"geometry":{"type":"LineString","coordinates":[[11.0249854072326,59.02623987284757],[11.02512422397237,59.02627605416889],[11.02536649254024,59.02633905861394],[11.025499189871807,59.026429715593615],[11.02555090966731,59.02645450031039],[11.025662495884331,59.02648337132672],[11.025822817292386,59.02648739591684],[11.025918151101981,59.026501472224076],[11.026132484962167,59.02661459508457],[11.026246684781503,59.02670387403861],[11.026373308002444,59.026762606038865],[11.026492100789032,59.02680005902495],[11.026637877625538,59.026818290962666],[11.026860796595749,59.02686316632748],[11.026953316350323,59.0269167149049],[11.027059149275317,59.026960692362856],[11.027345230073783,59.02712609440836],[11.027394056828145,59.02718198754861],[11.02746430301042,59.027257778467934],[11.02761827002556,59.02729118536808],[11.027842059552365,59.02736027087929],[11.02809058933527,59.0273842623479]]}},{"type":"Feature","properties":{"source":"hvaler_tillegg"},"geometry":{"type":"LineString","coordinates":[[11.016464145474133,59.029448395127645],[11.016473190936633,59.02939589733687],[11.016481401097623,59.02934759952825],[11.016513401464614,59.029304709248024],[11.016705174862247,59.029204430322125],[11.016892945075147,59.029064917781795],[11.017150556323719,59.02895632514868],[11.01720772537775,59.02890692674276],[11.017226091565124,59.02886127908662],[11.017196856857952,59.02879294809358],[11.017131408264941,59.02872709888638],[11.016980062763574,59.02852500210818],[11.016826480475856,59.0283527757571],[11.016753566539423,59.02821737718568],[11.01674109351961,59.02819406662902],[11.01671594769671,59.028162723786785],[11.016673592631879,59.0281339081141],[11.016627310756132,59.02810587063894],[11.016581646283994,59.028075514532]]}},{"type":"Feature","properties":{"source":"hvaler_tillegg"},"geometry":{"type":"LineString","coordinates":[[10.843646946120794,59.087044184369816],[10.843700989108553,59.08698603363148],[10.843724324247654,59.08696070640954],[10.84389613301295,59.086859217646484],[10.844047502899908,59.0868298158439],[10.844114488604635,59.08680615877953],[10.844259042135558,59.08678975585694],[10.84433567161658,59.08678744867097],[10.844388396033061,59.08679498475335],[10.844688108901295,59.08689820320175],[10.844780021495003,59.08692983515328]]}},{"type":"Feature","properties":{"source":"hvaler_tillegg"},"geometry":{"type":"LineString","coordinates":[[11.095516427742652,59.017465660301696],[11.095541166399812,59.0174765660015],[11.095603715879552,59.017516842628275],[11.09575227967528,59.01757958348928],[11.095833201914287,59.01763156251498],[11.09591162371784,59.0177055825288],[11.09598089824955,59.01774498301256],[11.09602180362643,59.017753229735256],[11.096240395246653,59.0177642300762],[11.096511980331115,59.01781216116488],[11.096576739963659,59.01783757983268],[11.096651099039756,59.01789978922671],[11.096708764969042,59.0179231957437],[11.096844101129061,59.01789509245229],[11.096914858379636,59.01790145232532],[11.09705840835085,59.017948486911784],[11.097078620342163,59.017959345666284],[11.09717572403246,59.018011632066],[11.097352073330743,59.01803079631286],[11.097425756580128,59.01808821991153],[11.097544600619116,59.018142510274515],[11.097753499049977,59.018172904705935],[11.09780050883175,59.018168838241486],[11.097956381506028,59.01811644961524],[11.098078606348118,59.01809019725651],[11.098248791811947,59.018076089608115],[11.098347575881153,59.01804130849441],[11.09849266589368,59.0179902123931]]}},{"type":"Feature","properties":{"source":"hvaler_tillegg"},"geometry":{"type":"LineString","coordinates":[[11.09849266589368,59.0179902123931],[11.098496903735835,59.01798512572408],[11.098538349587953,59.01794555884932],[11.098606858451904,59.01775801635956],[11.098608248040172,59.01765349957425],[11.098632367048374,59.01757915671608],[11.098675952437816,59.017516099395955],[11.098711419168083,59.017476981532546],[11.098782395132185,59.01740144419064],[11.098817519440875,59.0173699578418],[11.098843773784585,59.01733982233475],[11.098910451522046,59.01730065647687],[11.099004792401487,59.0172589082313],[11.099123923481693,59.01722761694972],[11.099335051702672,59.01717985943182],[11.099355653566723,59.017178053079554],[11.099584469439495,59.01715573184927],[11.099875008120858,59.01712717929425],[11.100146119012255,59.01709929920667],[11.100432304363217,59.01709992297708],[11.1006102945209,59.01708919419266],[11.100836664258674,59.01706383021788],[11.100955002105877,59.0170272090438],[11.101041205932566,59.01700031807492],[11.10112620159533,59.01698408924185],[11.101243548404097,59.01690850945207],[11.101261601319749,59.01690150146077],[11.10135401710076,59.01689979082195],[11.101518677397646,59.01691284339054],[11.101720867435484,59.01691623793979],[11.101942698525512,59.016930922469456],[11.102158708691604,59.016950825510605],[11.102353662443564,59.016927299558496],[11.102553370257823,59.016906433830314],[11.102730378105324,59.0168581825676],[11.102997312388355,59.01683943090571],[11.103059511171361,59.01684130418229],[11.103184343788596,59.01683966950381],[11.103228155361725,59.01683919086066],[11.103367743063677,59.01687198410049],[11.103450501551409,59.01692014759559],[11.10355964597192,59.01696622867619],[11.103648105407991,59.01701177668427],[11.103722429831867,59.01704359319667],[11.103872925379719,59.01709091915846],[11.104045293555346,59.01712829483939],[11.10422808660326,59.01716598415662],[11.10435389277474,59.0172019575107],[11.104517826837887,59.017222985799435],[11.104705234794015,59.01726611769225],[11.104883251828701,59.01729826803759],[11.10502590285671,59.01732404922126],[11.10513576938644,59.01736223909267],[11.105177973079584,59.01740369652522],[11.105210421370444,59.017485137272914],[11.105200198006633,59.017527713732285],[11.105192277272137,59.01756226814546]]}},{"type":"Feature","properties":{"source":"hvaler_tillegg"},"geometry":{"type":"LineString","coordinates":[[11.094222333297465,59.01749942655243],[11.094175647703196,59.017479137370074],[11.09406184988204,59.01746185694069],[11.09392059349517,59.01744842253221],[11.093737992246997,59.01740604920675],[11.093589960578049,59.01737397945807],[11.093278791703463,59.01736458475469],[11.09315942822535,59.01731494963798],[11.09310195421043,59.01728066881241],[11.093036471160456,59.017252439447766],[11.092993306648149,59.01722110796951],[11.092778064892073,59.01713765020748],[11.092656617343819,59.01710638210483],[11.092465332593692,59.017063744691875],[11.092291585721226,59.017021726548705],[11.092215663993743,59.016982572744894],[11.09215241939935,59.01691161591361],[11.092078583945712,59.01685409458328],[11.091977118909861,59.016804998881305],[11.091740649567885,59.01668745361998],[11.091593671061627,59.01664615311997],[11.091404302702077,59.01658514149292],[11.091286685635795,59.016521711976466],[11.091148904024866,59.01647619353936],[11.090992547598546,59.01643919415622],[11.09084417739258,59.01641169604223],[11.0906468156886,59.0163412714769],[11.090398898008871,59.0162463034086],[11.090211091484194,59.016171581718],[11.090113798652252,59.01616405661157],[11.089902540893835,59.01613924216369],[11.089808373674389,59.016104210523935],[11.089723586250361,59.01606487713832],[11.089640031576927,59.01601623085517],[11.089584961416705,59.015950104813854],[11.089430166884028,59.01589939523604],[11.089294142180888,59.01583999258476],[11.089103204155235,59.015792865216156],[11.088977253087887,59.01572459641057],[11.088879267561168,59.01564341738269],[11.088743254099867,59.015505707372135],[11.088711294387247,59.01539424825437],[11.088673245918933,59.015337896517096],[11.088655880621527,59.015254479337216],[11.088642161002145,59.01513898644083],[11.088633829698173,59.01505584235154],[11.08868456574637,59.01492386746381],[11.088663024741411,59.0147989678351],[11.088614394684075,59.01467774452516],[11.088554114156606,59.01457927452103],[11.088363204334835,59.01445374974346],[11.08813318990422,59.01435940809652],[11.08790145492589,59.01427867952955],[11.08765772405638,59.01422527848977],[11.087398188642581,59.01415296854307],[11.087091747288895,59.01410225515347],[11.086874762007145,59.0140497513492],[11.086538801448112,59.013942852293575],[11.086419633325916,59.01389321643058],[11.086099119099053,59.01388810626862],[11.085769035912197,59.013965598195036],[11.08552009299157,59.01395806668269],[11.085265243672739,59.01395035597957],[11.085243928759844,59.013955375068456],[11.085113423139672,59.01398550027595],[11.08495189860012,59.014000212043186],[11.084810069632486,59.01402873564529],[11.084681422557098,59.01402106665773],[11.08456097212406,59.01405320380066],[11.08449809763687,59.01406038146488],[11.084444895432357,59.01404996071318],[11.08434136750253,59.014046737677546],[11.084263371627522,59.01402594665189],[11.084157063000777,59.01401805415291],[11.084000889017867,59.01398114137036],[11.083957154092356,59.013948800407455],[11.08373114458898,59.01383011766391],[11.083631208271797,59.013802998105504],[11.083566144734855,59.013800309396515],[11.083436501530446,59.01380906162471],[11.08330881486982,59.01379602601673],[11.083168285828288,59.01379321030168],[11.083080013397621,59.01378154746662],[11.083026090629838,59.013788186269096],[11.082920406119152,59.01382229731285],[11.082880554240887,59.013827833667335],[11.08261439911422,59.01379541113022],[11.082349022210302,59.0138143474322],[11.082232993307287,59.013790785223705],[11.082141094161688,59.01378188888702],[11.082029532518671,59.013765024841206],[11.081908250671665,59.01373707772075]]}},{"type":"Feature","properties":{"source":"hvaler_tillegg"},"geometry":{"type":"LineString","coordinates":[[11.032335774269852,59.021810569465224],[11.032255830263468,59.02176595145376],[11.032195047560707,59.02173208051402],[11.032149556190264,59.021730415838185],[11.03170208287211,59.02189264289303],[11.031639222093247,59.021885860069965],[11.031528928144056,59.021836804414406],[11.031518871288352,59.02181213100175],[11.03153133277126,59.02177816845503],[11.031551958517413,59.02174598472728],[11.031519322657307,59.02172205736092],[11.031485464126066,59.02167094037008],[11.031412106592514,59.02161609452172],[11.03139318224593,59.02158818217547],[11.031395648398734,59.02154564157432],[11.031397792905855,59.02149077375648],[11.03132216748527,59.02126665203215],[11.031227523507372,59.02111369324284],[11.03116543840501,59.02106090121242],[11.031105892950924,59.02102841627779],[11.03094906309335,59.0209429585623],[11.030786996057367,59.020845472170286],[11.030606978055458,59.020640624503656],[11.03051164244105,59.020567751655726],[11.030483135127684,59.02051410127683],[11.030469567585884,59.02042314796607],[11.030311717389532,59.02024532283541],[11.030285447000013,59.02016171184128],[11.030311808219917,59.02004959646674],[11.030252750759457,59.0199660584576],[11.030203146731477,59.0198595243439],[11.030109167168593,59.019752258069104],[11.030085081693437,59.01953789826189],[11.03007589863562,59.01945580045005]]}},{"type":"Feature","properties":{"source":"hvaler_tillegg"},"geometry":{"type":"LineString","coordinates":[[11.07325970286126,59.00457647258677],[11.073323962330104,59.00454785526202],[11.073361015768846,59.00454538378128],[11.073405761621453,59.00455033823994],[11.073696537246352,59.00464277642069],[11.074007583146487,59.00472863665885],[11.074257702234604,59.00476499718402],[11.074722635092504,59.00481416906017],[11.074947286625546,59.00483087526718],[11.07511878370885,59.00482618911943],[11.07518998941793,59.00481306558871],[11.075300934842916,59.004772377924176],[11.075512403567211,59.00466011825321],[11.07575118920149,59.00456657815329],[11.075906428797284,59.00450574627564],[11.076085817657503,59.00443027291069],[11.076177964090526,59.00440160106843],[11.076291462314883,59.0043843654676],[11.076870746500807,59.004375143127994],[11.077051117634014,59.004355259850186],[11.077134152463888,59.004351484558036],[11.077556574305135,59.004385241945094],[11.07769288683095,59.00439719692889],[11.077853280278761,59.004427233646595],[11.077917336295494,59.004446257826736],[11.077979759320051,59.00447961733172],[11.078035133507361,59.004513662149634],[11.078317221484928,59.00472989576847],[11.07859193940768,59.004966493619946]]}},{"type":"Feature","properties":{"source":"hvaler_tillegg"},"geometry":{"type":"LineString","coordinates":[[11.070522269497207,59.01431555302425],[11.070334130335345,59.014390754075784],[11.070041549014787,59.01449514858786],[11.069805277473506,59.014564391608744],[11.06959853765816,59.01463453133401],[11.069338447596424,59.01474440663931],[11.06911791031351,59.01481322740969],[11.068895947228215,59.0148487393501],[11.068566582742134,59.01487829030417],[11.068036404000273,59.01495658042015],[11.067783069561353,59.014976752173816],[11.067543322307042,59.015015317578275],[11.067293048753438,59.015054461654195],[11.067048187680063,59.01510725566791],[11.066686923820349,59.01518707862071],[11.066379311715146,59.01525504586965],[11.066151134483013,59.01531284076634],[11.066026415941927,59.015368386649456],[11.065986281648287,59.01538245036107],[11.065831213960859,59.015428981742865],[11.065710742079917,59.01545957270103],[11.065486497036698,59.015516497074614],[11.065331557455027,59.015575618615124],[11.065189281779778,59.015661197848516],[11.065105649830741,59.01572482525351],[11.064972058709584,59.01588385187173],[11.064820920623692,59.01621460460927],[11.06474318305159,59.01645228931265]]}},{"type":"Feature","properties":{"source":"hvaler_tillegg"},"geometry":{"type":"LineString","coordinates":[[11.056346591704488,59.03306343226595],[11.056315352669165,59.033033170942005],[11.056251871276048,59.032975314885356],[11.056203110931845,59.03292141371214],[11.056162521564604,59.03286470468673],[11.05613313752971,59.0328091462525],[11.056118138814815,59.03273613480315],[11.056104220845466,59.032632408318406],[11.056068548814432,59.03248720145126],[11.05603570998288,59.032376604935834],[11.05602844879228,59.03234410729041],[11.055997942074479,59.03228617703369],[11.055944504188236,59.032207678667426],[11.05586656937325,59.03211162125773],[11.055791624656692,59.03202599414588],[11.055723343666456,59.03196286684065],[11.055651196329064,59.031903038103856],[11.05555677523237,59.03181843557922],[11.055488947225323,59.031751366058046],[11.055463179363823,59.03172208039274],[11.055445982027877,59.03168802117746],[11.055432938543662,59.03159645857642],[11.055436192451513,59.031504223905294],[11.055437041761255,59.03146792761619],[11.055438655378797,59.03133068976451],[11.055425668121293,59.03110786556249],[11.055411205262859,59.0309085518485],[11.055404693240774,59.03083759705008],[11.055363637049233,59.030763701343254],[11.05534123478058,59.03066250320219],[11.055307137195532,59.03054314711978]]}},{"type":"Feature","properties":{"source":"hvaler_tillegg"},"geometry":{"type":"LineString","coordinates":[[11.025266507374532,59.03101326833749],[11.02532053450455,59.03103776423678],[11.025356370229838,59.031050642752106],[11.025407912579553,59.031075511840335]]}},{"type":"Feature","properties":{"source":"hvaler_tillegg"},"geometry":{"type":"LineString","coordinates":[[11.02515148545501,59.030884224226384],[11.02516694396839,59.03091194110961],[11.025194724856755,59.03094471165949],[11.025212134356442,59.03097365725944],[11.025236374461368,59.03099481083679],[11.025266507374532,59.03101326833749]]}},{"type":"Feature","properties":{"source":"hvaler_tillegg"},"geometry":{"type":"LineString","coordinates":[[11.051671896686535,59.063012145290706],[11.0516754057989,59.06308336818959],[11.051645227730457,59.063209216006804],[11.051578344737967,59.063289890591676],[11.051391678858431,59.0634406360655],[11.051329727318484,59.063479924174935]]}},{"type":"Feature","properties":{"source":"hvaler_tillegg"},"geometry":{"type":"LineString","coordinates":[[11.043812319889993,59.06570529911885],[11.04381956776753,59.06567117616681],[11.043825294110357,59.06564419927096],[11.043760232368498,59.065552754521875],[11.043715993163556,59.06544423422999],[11.043716410486049,59.065361802514715],[11.043688778492578,59.06529856309756],[11.043708755868774,59.065213042761364],[11.043702675747511,59.065182468541934],[11.043677896697348,59.0651429617443],[11.04356568437503,59.065034972071615],[11.043612994569864,59.06488798142405],[11.043613031556799,59.064849772193135],[11.04355178435658,59.06476311898015],[11.043498985501438,59.06463950245333],[11.043433666918352,59.06455182571442],[11.043400965335993,59.06438863483316],[11.043350977177141,59.06430124660782],[11.043361119175774,59.06426927995396],[11.043451026787542,59.06416926346281],[11.043465649142208,59.06411810373849],[11.043447371224119,59.06407672764225],[11.043341910912778,59.06395410936028],[11.043324886299027,59.06391852556641],[11.043354613088702,59.06382566107813],[11.043316558566325,59.06373773836191],[11.043311734693743,59.06360533813703],[11.04332641167123,59.06354006473498],[11.043301602508663,59.06342809206134],[11.043339090879448,59.06332998041509],[11.043338114501607,59.06321873592425],[11.043422436442858,59.06310353440512],[11.043418429771453,59.06305648066242],[11.043377524626575,59.06297512394913],[11.04337503214598,59.062917957003506],[11.043390111068746,59.06285979851344],[11.043464439667732,59.0627282882482],[11.043463419844391,59.062661366463566],[11.043475847685245,59.062635313586725],[11.043517618456669,59.06260458300124],[11.043725964217904,59.062509893192946],[11.043828374835744,59.06243768007349],[11.043912996085739,59.062412304268896],[11.04397577698463,59.06241134518289],[11.044338427870212,59.06255170926409],[11.044429479279236,59.062576607577796],[11.044619865407372,59.06259995472367],[11.044696533027542,59.06262090713949],[11.044762672488591,59.06266203667092],[11.044919143879653,59.06282073593153],[11.04501573304263,59.062867290637726],[11.045099258156135,59.06288782288582],[11.045132996578586,59.06286619678426],[11.045150936991057,59.062775579323976],[11.045202368910605,59.06272005931257],[11.045246081856197,59.06270125519044],[11.045387396954824,59.062673204383486],[11.045514429581877,59.062619093884315],[11.045718215372007,59.062559415221],[11.045868776800177,59.062478331616745],[11.045957368748255,59.06241693328151],[11.046064225307166,59.062368229963674],[11.04607693225488,59.06233670109508],[11.046213874763195,59.06235571689218],[11.046246655859774,59.062362112158006],[11.04635626861866,59.06233192361675],[11.046468133199651,59.06231250262055],[11.046674144082509,59.06231384712083],[11.046765530958062,59.06231915437514],[11.047014490903132,59.062343207229134],[11.04721928563742,59.062342985321784],[11.047318401959803,59.062320567177395],[11.047454822210323,59.06231681934972],[11.047694967687931,59.0622854891364],[11.047797520175113,59.06228933830991],[11.047864175594576,59.062304768675375],[11.047993953428438,59.06235116521407],[11.048076973186129,59.062426163459385],[11.048113079375288,59.06244614569554],[11.048145997478109,59.0624483190462],[11.048224565830738,59.06242545296244],[11.048284116196367,59.06242070703643],[11.048477491274056,59.06244539837299],[11.048556756307171,59.0624711028585],[11.048766650375189,59.062593486718825],[11.048816510245986,59.06261379849355],[11.048991607049173,59.06264260646666],[11.049197642501715,59.062654376807096],[11.049336742217838,59.06269260512797],[11.049398844603497,59.062721831270906],[11.04950306180838,59.062796216501745],[11.049562364218021,59.062872558024395],[11.049652297999502,59.062945158794506],[11.049794636341874,59.06300533264558],[11.049853390561772,59.06301206971894],[11.04997878331167,59.06299341796461],[11.050100947951519,59.06299372778854],[11.050314911070165,59.06302614685964],[11.050520381806251,59.06303070530431],[11.050687396415132,59.063061512078335],[11.050851587711906,59.06311839528666],[11.051001396772225,59.06315461076579],[11.05107944305782,59.063200055869636],[11.051132442354977,59.063281149231564],[11.051137918833405,59.06332006586781],[11.051108623220891,59.06339873967106],[11.051132800834077,59.063445059451766],[11.051174199770106,59.06346610123286],[11.051242288478543,59.06347213332043],[11.051329727318484,59.063479924174935]]}},{"type":"Feature","properties":{"source":"hvaler_tillegg"},"geometry":{"type":"LineString","coordinates":[[10.946060819097811,59.040144703427785],[10.94604947820264,59.0401609819342],[10.946052228597551,59.04017464478768],[10.946080311140616,59.040217603163136],[10.946115968044117,59.040277702214524],[10.946122950708586,59.04031613350211],[10.946126614170929,59.04043744957759],[10.946127474586165,59.04046418038071],[10.94615461819939,59.040512144394974],[10.946178599433738,59.04053366515084],[10.946271006815223,59.04060075644517],[10.946428466334424,59.04070800764341],[10.946619643818442,59.040834117119516],[10.94668952893812,59.04088359932118],[10.946796395207896,59.04097604859282],[10.946939617104993,59.04110937726625],[10.946999948703397,59.04117330567745],[10.947117290027093,59.04127902996791],[10.947272762587893,59.04139134277949],[10.947351439641448,59.04148317863022]]}},{"type":"Feature","properties":{"source":"hvaler_tillegg"},"geometry":{"type":"LineString","coordinates":[[10.946579849189558,59.04800109846192],[10.946641628349573,59.04795519977542],[10.94670975250421,59.0478377500488],[10.946876187021587,59.047607302219554],[10.947055715805789,59.04739749435764],[10.94712948935708,59.04723211848355],[10.947231051834036,59.047159592431605],[10.947438734103594,59.046974402275445],[10.947455452207503,59.04689921987657],[10.947465307886272,59.04681564066153],[10.947590023164427,59.04674356945422],[10.94783877357758,59.046540063606855],[10.947911113356499,59.0464504381813],[10.947942210660683,59.046251807349506],[10.948035989119772,59.04611501986821],[10.948154746524006,59.046026847299835],[10.948259406414326,59.04589543534905],[10.948378473366914,59.04576762118008],[10.948427343563312,59.045723115949144]]}},{"type":"Feature","properties":{"source":"hvaler_tillegg"},"geometry":{"type":"LineString","coordinates":[[10.84191594737605,59.10012229042478],[10.841896079359929,59.10012902601653],[10.841873264056918,59.100142770471535],[10.841861742849014,59.10015274119388],[10.841853083340984,59.1001621743354],[10.841852735458508,59.100163601844756]]}},{"type":"Feature","properties":{"source":"hvaler_tillegg"},"geometry":{"type":"LineString","coordinates":[[11.043812319889993,59.06570529911885],[11.043628762496772,59.065725584684195],[11.043109890079888,59.06583470241073],[11.042874359739319,59.06587875263903],[11.042415697375159,59.06595014844059],[11.042191772143136,59.06598286421952],[11.042108349295729,59.06598714761552],[11.04199918122472,59.06598758728866],[11.04172844982785,59.065974997224714],[11.041574097027228,59.06599635236654],[11.04132771212589,59.066043664333314],[11.041043361810475,59.066087118043804],[11.040841121252447,59.06609981584601],[11.040531222400285,59.06610742370963],[11.040237910907063,59.06610744639182],[11.0399606539916,59.06611964723023]]}},{"type":"Feature","properties":{"source":"hvaler_tillegg"},"geometry":{"type":"LineString","coordinates":[[11.051329727318484,59.063479924174935],[11.05126175556839,59.063522984567136],[11.050953723379136,59.06366643242497],[11.050880005312855,59.06371543103405],[11.050824609628547,59.06389355446479],[11.050773904287787,59.06399899675576],[11.050709867271381,59.0641004362125],[11.050492427224546,59.064429155745145],[11.050407547490282,59.06448410716864],[11.050357187659586,59.06449695629102],[11.050069484479247,59.06453942804728],[11.049839408681603,59.064566574760114],[11.049633732518542,59.06457738314486],[11.049441850811515,59.064576025115066],[11.04904751409622,59.06457568281629],[11.04880199868792,59.06458527443129],[11.048619511880164,59.064608476575486],[11.048283075618965,59.064708795748324],[11.048179872990964,59.064727224075284],[11.048002810324368,59.064748792762046],[11.047756365593385,59.06476644564947],[11.047470938545755,59.06477391764985],[11.047313662847998,59.064788896797786],[11.047126618005455,59.06483803065591],[11.046953096761893,59.064904659306755],[11.046482698413094,59.065078204376015],[11.046229945582908,59.06516578898531],[11.04601078938345,59.06521933532362],[11.045551335086845,59.065311396289836],[11.04539333047786,59.06538119395812],[11.045242419673073,59.06544851087547],[11.044871743323812,59.0655594637725],[11.044624127678167,59.06561753308107],[11.044409890287566,59.06565864010768],[11.044160872151627,59.065683400242726],[11.043890475469395,59.065696718028036],[11.04381514475563,59.06570502578794],[11.043812319889993,59.06570529911885]]}}]}
